source,pageType,url,httpStatus,finalUrl,app404,robotsMeta,xRobotsTag,canonical,canonicalSelf,title,titleChars,metaDescription,descriptionChars,h1Count,h1,h2Count,h3Count,mainWordsApprox,mainImageCount,imagesWithoutAlt,imagesEmptyAlt,firstImageStatus,ogTitle,ogDescription,ogImage,ogImageStatus,twitterCard,schemaTypes,productHasOffers,productHasReview,productHasAggregateRating,internalLinkCount,inboundPageCount,notes
"sitemap","static","https://demo-web-client.shop","200","https://demo-web-client.shop/","false","","","https://demo-web-client.shop","true","TOÀN TÂM | Thiết bị y tế chính hãng","35","Thiết bị y tế chính hãng cho bệnh viện, phòng khám và gia đình.","63","0","","8","27","881","31","0","4","200","Toàn Tâm Medical","Thiết bị y tế chính hãng cho bệnh viện, phòng khám và gia đình.","","","true","","false","false","false","40","69","missing H1"
"sitemap","static","https://demo-web-client.shop/products","200","https://demo-web-client.shop/products","false","","","https://demo-web-client.shop/products","true","Tất cả sản phẩm | TOÀN TÂM","26","Tìm kiếm, lọc và sắp xếp toàn bộ sản phẩm thiết bị y tế tại Toàn Tâm Medical.","77","1","Tất cả sản phẩm","1","12","383","12","0","0","200","Toàn Tâm Medical","Thiết bị y tế chính hãng cho bệnh viện, phòng khám và gia đình.","","","true","","false","false","false","28","48",""
"sitemap","static","https://demo-web-client.shop/collections","200","https://demo-web-client.shop/collections","false","","","https://demo-web-client.shop/collections","true","Danh mục sản phẩm | TOÀN TÂM","28","Khám phá các danh mục sản phẩm được quản lý trực tiếp trên Shopify.","67","1","Chọn sản phẩm theo nhu cầu","8","0","209","0","0","0","","Toàn Tâm Medical","Thiết bị y tế chính hãng cho bệnh viện, phòng khám và gia đình.","","","true","","false","false","false","8","1",""
"sitemap","static","https://demo-web-client.shop/blogs","200","https://demo-web-client.shop/blogs","false","","","https://demo-web-client.shop/blogs","true","Tin tức - Kiến thức | TOÀN TÂM","30","Thiết bị y tế chính hãng cho bệnh viện, phòng khám và gia đình.","63","1","Kiến thức & tư vấn","5","0","111","5","0","0","200","Toàn Tâm Medical","Thiết bị y tế chính hãng cho bệnh viện, phòng khám và gia đình.","","","true","","false","false","false","6","6",""
"sitemap","static","https://demo-web-client.shop/search","200","https://demo-web-client.shop/search","false","","","https://demo-web-client.shop","false","TOÀN TÂM | Thiết bị y tế chính hãng","35","Thiết bị y tế chính hãng cho bệnh viện, phòng khám và gia đình.","63","1","Bạn đang tìm sản phẩm nào?","0","0","19","0","0","0","","Toàn Tâm Medical","Thiết bị y tế chính hãng cho bệnh viện, phòng khám và gia đình.","","","true","","false","false","false","0","0","search in sitemap, canonical homepage"
"sitemap","static","https://demo-web-client.shop/contact","200","https://demo-web-client.shop/contact","false","","","https://demo-web-client.shop/contact","true","Liên hệ | TOÀN TÂM","18","Liên hệ Toàn Tâm Medical để được tư vấn thiết bị y tế.","54","1","Liên hệ Toàn Tâm","0","0","62","0","0","0","","Toàn Tâm Medical","Thiết bị y tế chính hãng cho bệnh viện, phòng khám và gia đình.","","","true","","false","false","false","1","1",""
"sitemap","static","https://demo-web-client.shop/request-quote","200","https://demo-web-client.shop/request-quote","false","","","https://demo-web-client.shop/request-quote","true","Yêu cầu báo giá | TOÀN TÂM","26","Gửi yêu cầu báo giá thiết bị y tế tới Toàn Tâm Medical.","55","1","Yêu cầu báo giá","0","0","61","0","0","0","","Toàn Tâm Medical","Thiết bị y tế chính hãng cho bệnh viện, phòng khám và gia đình.","","","true","","false","false","false","1","59",""
"sitemap","product","https://demo-web-client.shop/products/nep-co-inh-ban-chan-ban-em-nep-chinh-ban-chan-giam-au-got-chan-1736539331283944506","200","https://demo-web-client.shop/products/nep-co-inh-ban-chan-ban-em-nep-chinh-ban-chan-giam-au-got-chan-1736539331283944506","false","","","https://demo-web-client.shop/products/nep-co-inh-ban-chan-ban-em-nep-chinh-ban-chan-giam-au-got-chan-1736539331283944506","true","Nẹp Cố Định Bàn Chân Ban Đêm – Nẹp Chỉnh Bàn Chân, Giảm Đau Gót Chân | TOÀN TÂM","79","Các tính năng:Giảm đau: Thanh nẹp hỗ trợ ban đêm viêm cân gan chân của chúng tôi thoải mái giữ bàn chân từ 85 đến 90 độ suốt đêm bằng một thanh nhôm đàn hồi ở mu bàn chân và dây đeo hỗ trợ đàn hồi kéo dài từ mắt cá chân đến Các ngón chân giúp giảm đau chân và gót chân một cách hiệu quả.Chất liệu cao cấp: Được làm bằng chất liệu cao cấp bền và mềm mại, nẹp viêm cân gan chân thoáng khí này với thiết kế hở gót sẽ giúp giảm đau mắt cá chân và bàn chân để tạo sự thoải mái tối đa.Kích thước có thể điều chỉnh: Dễ dàng tắt và trên nẹp hỗ trợ có thể được điều chỉnh theo độ dài và độ nén để có kết quả tốt nhất, cố định nó ở đúng vị trí mọi lúc.Thông số kỹ thuật:Chất liệu: vải CompositeTrọng lượng: 80gMàu đenKích thước: Thích hợp cho tất cả mọi ngườiGói bao gồm: 1 x Chỉnh hình thả chânVề sản phẩm:1. Giữ nguyên vị trí2. Thiết kế dễ mặc3. Lợi ích lâu dài4. Duy trì sự ổn định của khớp5. Phù hợp thoải mái và an toàn6. Không ngứa hoặc kích ứng da7. Vải nén thoáng khí8. Có thể đeo cả ngày + cả đêm9. Tuyệt vời cho mọi lứa tuổi và trình độ thể chất10. Hỗ trợ cơ và khớp bị đau & cứng11. Đa năng để mặc cho mọi hoạt động thể chất12. Giảm viêm, viêm khớp và viêm gân13. Hỗ trợ mục tiêu của cơ, khớp và gânPhạm vi sử dụng:1. Bệnh do varus, valgus bàn chân và tụt chân, tay điều chỉnh có thể trở lại hình dạng bình thường của varus bàn chân, valgus bàn chân và chứng tụt chân.2. Bong gân mắt cá chân nghiêm trọng.3. Dây chằng bị rách và lỏng lẻo.4. Vết gãy ổn định.5. Đau mắt cá chân.6. Mô mềm bị tổn thương nặng.7. Bảo vệ và phục hồi chức năng sau phẫu thuật thạch cao.Ổn định và hỗ trợ bàn chân, gót chân, mắt cá chân, gân, bóng bàn chân, achilles trong khi bạn ngủ với vật liệu nén đồng hàng đầu của chúng tôi. Đối với cơ lưng, viêm cân gan chân trồng cây, viêm gân achilles, vòm phẳng, thả chân, gai xương, bunion, ngón chân búa, bàn chân băng, viêm khớp, v.v.Nẹp gót nén bằng đồng / Nẹp đêm thả chân sẽ giúp bạn có được giấc ngủ ngon và trọn đêm mà bạn xứng đáng có được! Có thể điều chỉnh theo nhu cầu cụ thể của bạn, nẹp mắt cá chân kéo giãn bắp chân của bạn sẽ cố định và nhẹ nhàng kéo căng bàn chân của bạn ở vị trí an toàn để cơ bắp chân, gân achilles và cơ bắp chân của bạn sẽ không bị chuột rút và làm phiền giấc ngủ của bạn. Những buổi sáng không đau chân chỉ là sự nhẹ nhõm mà bạn cần.Nẹp Chân Trị Liệu Plantar Fasciitis Nén Đồng dành cho cả nam và nữ, vừa vặn với cả bàn chân phải và trái của bạn và cực kỳ thoải mái. Chúng hoàn toàn có thể điều chỉnh và có thể được đeo hàng đêm như một phương pháp điều trị cố định và kéo giãn chỉnh hình để giúp bạn có được giấc ngủ như ý! Hoàn hảo cho bất kỳ Tommy, Jane hoặc Harry nào.","2631","1","Nẹp Cố Định Bàn Chân Ban Đêm – Nẹp Chỉnh Bàn Chân, Giảm Đau Gót Chân","2","10","962","17","0","0","200","Nẹp Cố Định Bàn Chân Ban Đêm – Nẹp Chỉnh Bàn Chân, Giảm Đau Gót Chân","Các tính năng:Giảm đau: Thanh nẹp hỗ trợ ban đêm viêm cân gan chân của chúng tôi thoải mái giữ bàn chân từ 85 đến 90 độ suốt đêm bằng một thanh nhôm đàn hồi ở mu bàn chân và dây đeo hỗ trợ đàn hồi kéo dài từ mắt cá chân đến Các ngón chân giúp giảm đau chân và gót chân một cách hiệu quả.Chất liệu cao cấp: Được làm bằng chất liệu cao cấp bền và mềm mại, nẹp viêm cân gan chân thoáng khí này với thiết kế hở gót sẽ giúp giảm đau mắt cá chân và bàn chân để tạo sự thoải mái tối đa.Kích thước có thể điều chỉnh: Dễ dàng tắt và trên nẹp hỗ trợ có thể được điều chỉnh theo độ dài và độ nén để có kết quả tốt nhất, cố định nó ở đúng vị trí mọi lúc.Thông số kỹ thuật:Chất liệu: vải CompositeTrọng lượng: 80gMàu đenKích thước: Thích hợp cho tất cả mọi ngườiGói bao gồm: 1 x Chỉnh hình thả chânVề sản phẩm:1. Giữ nguyên vị trí2. Thiết kế dễ mặc3. Lợi ích lâu dài4. Duy trì sự ổn định của khớp5. Phù hợp thoải mái và an toàn6. Không ngứa hoặc kích ứng da7. Vải nén thoáng khí8. Có thể đeo cả ngày + cả đêm9. Tuyệt vời cho mọi lứa tuổi và trình độ thể chất10. Hỗ trợ cơ và khớp bị đau & cứng11. Đa năng để mặc cho mọi hoạt động thể chất12. Giảm viêm, viêm khớp và viêm gân13. Hỗ trợ mục tiêu của cơ, khớp và gânPhạm vi sử dụng:1. Bệnh do varus, valgus bàn chân và tụt chân, tay điều chỉnh có thể trở lại hình dạng bình thường của varus bàn chân, valgus bàn chân và chứng tụt chân.2. Bong gân mắt cá chân nghiêm trọng.3. Dây chằng bị rách và lỏng lẻo.4. Vết gãy ổn định.5. Đau mắt cá chân.6. Mô mềm bị tổn thương nặng.7. Bảo vệ và phục hồi chức năng sau phẫu thuật thạch cao.Ổn định và hỗ trợ bàn chân, gót chân, mắt cá chân, gân, bóng bàn chân, achilles trong khi bạn ngủ với vật liệu nén đồng hàng đầu của chúng tôi. Đối với cơ lưng, viêm cân gan chân trồng cây, viêm gân achilles, vòm phẳng, thả chân, gai xương, bunion, ngón chân búa, bàn chân băng, viêm khớp, v.v.Nẹp gót nén bằng đồng / Nẹp đêm thả chân sẽ giúp bạn có được giấc ngủ ngon và trọn đêm mà bạn xứng đáng có được! Có thể điều chỉnh theo nhu cầu cụ thể của bạn, nẹp mắt cá chân kéo giãn bắp chân của bạn sẽ cố định và nhẹ nhàng kéo căng bàn chân của bạn ở vị trí an toàn để cơ bắp chân, gân achilles và cơ bắp chân của bạn sẽ không bị chuột rút và làm phiền giấc ngủ của bạn. Những buổi sáng không đau chân chỉ là sự nhẹ nhõm mà bạn cần.Nẹp Chân Trị Liệu Plantar Fasciitis Nén Đồng dành cho cả nam và nữ, vừa vặn với cả bàn chân phải và trái của bạn và cực kỳ thoải mái. Chúng hoàn toàn có thể điều chỉnh và có thể được đeo hàng đêm như một phương pháp điều trị cố định và kéo giãn chỉnh hình để giúp bạn có được giấc ngủ như ý! Hoàn hảo cho bất kỳ Tommy, Jane hoặc Harry nào.","https://cdn.shopify.com/s/files/1/0732/3703/7299/files/09e120cd44d94a659c420ca6d8e023b1_tplv-aphluv4xwc-crop-webp_1254_1254.webp?v=1790134677","200","true","Product","false","false","false","23","47","Product snippet required property absent; long meta description"
"sitemap","product","https://demo-web-client.shop/products/quan-ta-vay-chong-tham-nuoc-tieu-cho-nguoi-lon-1734759449589482554","200","https://demo-web-client.shop/products/quan-ta-vay-chong-tham-nuoc-tieu-cho-nguoi-lon-1734759449589482554","false","","","https://demo-web-client.shop/products/quan-ta-vay-chong-tham-nuoc-tieu-cho-nguoi-lon-1734759449589482554","true","Quần tã váy chống thấm nước tiểu cho người lớn | TOÀN TÂM","57","Mô Tả Sản Phẩm- Chất liệu: Vải cotton mềm mại, thoải mái và thoáng khí. Màng TPU ở lớp giữa của váy nước tiểu dày đặc và mịn, có thể chặn sự rò rỉ của nước tiểu đồng thời duy trì tính thấm tốt.- Váy được tích hợp composite 3 lớp, có thể hút nước và ngăn nước tiểu, không còn nỗi lo chăn ga gối đệm bẩn.- Vòng eo : Với lưng thun co giãn, có thể điều chỉnh kích thước theo chu vi vòng eo của người dùng, đồng thời có lỗ, bạn có thể kéo dây thun ra.- Thiết kế mở hoàn toàn, tiện lợi khi sử dụng, dễ dàng kiểm tra, lau chùi, thay bỉm, tã vải,… Màu xanh đậm chống bụi bẩn rất tốt.- Thích hợp cho người già, bệnh nhân nằm liệt giường, thời kỳ kinh nguyệt, người sau sinh và trẻ em, có thể mặc, đệm và che phủ.Chú ý: Chiều rộng là dây thun được gấp làm đôi cho đến khi mở hết cỡ sẽ có sai số từ 3 đến 5cm do độ co giãn của dây thun.CAM KẾT:SHOP cam kết hàng y ảnh, sai hoàn tiền 100% nên khách hàng cứ an tâm mua sắm tại shop.Sản phẩm được shop tuyển chọn kĩ lưỡng nên luôn đảm bảo về chất lượng, mẫu mã nhằm mang đến sự thỏa mãn, hài lòng nhất cho quý khách.Shop gửi hàng dựa theo phân loại đơn khách đặt về màu sắc, kích thước, mã hàng sẵn,… KHÁCH HÀNG VUI LÒNG CHỌN PHÂN LOẠI CHÍNH XÁC để tránh sai sót ngoài ý muốn.Hàng được đóng gói an toàn cẩn thận, trước khi đánh giá dưới 5 sao hãy liên hệ với shop trước để được hỗ trợ nhé!Giao hàng tận nơi toàn quốc, nhận hàng thu tiền, vận chuyển nhanh chóng, chất lượng đảm bảo#quanchongtham#vaychongtham#quanchongtieutien#vaychongtieutien#dobaovechamsoc#chamsocnguoigia#chamsocsuckhoe#thietbiyte #thietbiytetoantam","1554","1","Quần tã váy chống thấm nước tiểu cho người lớn","2","10","678","21","0","0","200","Quần tã váy chống thấm nước tiểu cho người lớn","Mô Tả Sản Phẩm- Chất liệu: Vải cotton mềm mại, thoải mái và thoáng khí. Màng TPU ở lớp giữa của váy nước tiểu dày đặc và mịn, có thể chặn sự rò rỉ của nước tiểu đồng thời duy trì tính thấm tốt.- Váy được tích hợp composite 3 lớp, có thể hút nước và ngăn nước tiểu, không còn nỗi lo chăn ga gối đệm bẩn.- Vòng eo : Với lưng thun co giãn, có thể điều chỉnh kích thước theo chu vi vòng eo của người dùng, đồng thời có lỗ, bạn có thể kéo dây thun ra.- Thiết kế mở hoàn toàn, tiện lợi khi sử dụng, dễ dàng kiểm tra, lau chùi, thay bỉm, tã vải,… Màu xanh đậm chống bụi bẩn rất tốt.- Thích hợp cho người già, bệnh nhân nằm liệt giường, thời kỳ kinh nguyệt, người sau sinh và trẻ em, có thể mặc, đệm và che phủ.Chú ý: Chiều rộng là dây thun được gấp làm đôi cho đến khi mở hết cỡ sẽ có sai số từ 3 đến 5cm do độ co giãn của dây thun.CAM KẾT:SHOP cam kết hàng y ảnh, sai hoàn tiền 100% nên khách hàng cứ an tâm mua sắm tại shop.Sản phẩm được shop tuyển chọn kĩ lưỡng nên luôn đảm bảo về chất lượng, mẫu mã nhằm mang đến sự thỏa mãn, hài lòng nhất cho quý khách.Shop gửi hàng dựa theo phân loại đơn khách đặt về màu sắc, kích thước, mã hàng sẵn,… KHÁCH HÀNG VUI LÒNG CHỌN PHÂN LOẠI CHÍNH XÁC để tránh sai sót ngoài ý muốn.Hàng được đóng gói an toàn cẩn thận, trước khi đánh giá dưới 5 sao hãy liên hệ với shop trước để được hỗ trợ nhé!Giao hàng tận nơi toàn quốc, nhận hàng thu tiền, vận chuyển nhanh chóng, chất lượng đảm bảo#quanchongtham#vaychongtham#quanchongtieutien#vaychongtieutien#dobaovechamsoc#chamsocnguoigia#chamsocsuckhoe#thietbiyte #thietbiytetoantam","https://cdn.shopify.com/s/files/1/0732/3703/7299/files/068dea9c4d774a8ba2923c81d4c0f554_tplv-aphluv4xwc-crop-webp_584_570.webp?v=1790134022","200","true","Product","false","false","false","23","43","Product snippet required property absent; long meta description"
"sitemap","product","https://demo-web-client.shop/products/may-tap-chan-bang-ien-phuc-hoi-chuc-nang-tay-co-man-hinh-led-ieu-khien-1736534023864681530","200","https://demo-web-client.shop/products/may-tap-chan-bang-ien-phuc-hoi-chuc-nang-tay-co-man-hinh-led-ieu-khien-1736534023864681530","false","","","https://demo-web-client.shop/products/may-tap-chan-bang-ien-phuc-hoi-chuc-nang-tay-co-man-hinh-led-ieu-khien-1736534023864681530","true","Máy tập chân bằng điện phục hồi chức năng tay có màn hình Led điều khiển | TOÀN TÂM","83","THÔNG TIN SẢN PHẨMMáy tập phục hồi chức năng chân tay là thiết bị dành cho người tai biến, người chân tay liệt, yếu:- Điện áp: 220V/50HZ- Tốc độ điều chỉnh: 1-12 mức- Công suất định mức: 70W- Tốc độ vòng quay: 35 – 80rpm (vòng/phút)- Đồng hồ màn hình LED hiển thị: Tốc độ, vận tốc và calo- Kích thước lắp đặt: 49 x 49 x 28cm (dài x rộng x cao)- Trọng lượng người tập tối đa: 120kg- Trọng lượng xe: 5,5/6kg- Chức năng: Tự chuyển động để phục hồi chân và tay- Có thể tập luyện mọi lúc- Máy tập tay chân bằng điện cho người tai biến có thể tự chuyển động bằng điện giúp cho người bị liệt, tai biến có thể giúp tập phục hồi vận động tay và chân. Máy tập tay chân bằng điện cho người tai biến rất phù hợp cho người già, người tai biến, người bị tai nạn phục hồi chức năng tay, chân, giúp các khớp được vận động tốt hơnMáy tập tay chân bằng điện cho người tai biến có cấu tạo gồm một điều khiển có thể điều chỉnh, bàn đạp chống trượt, đế chân có cao su chống trượt, công tác tắt mở nguồn khi cần thiết.- BẢO HÀNH 12 THÁNGCAM KẾT:SHOP cam kết hàng y ảnh, sai hoàn tiền 100% nên khách hàng cứ an tâm mua sắm tại shop.Sản phẩm được shop tuyển chọn kĩ lưỡng nên luôn đảm bảo về chất lượng, mẫu mã nhằm mang đến sự thỏa mãn, hài lòng nhất cho quý khách.Shop gửi hàng dựa theo phân loại đơn khách đặt về màu sắc, kích thước, mã hàng sẵn,… KHÁCH HÀNG VUI LÒNG CHỌN PHÂN LOẠI CHÍNH XÁC để tránh sai sót ngoài ý muốn.Hàng được đóng gói an toàn cẩn thận, trước khi đánh giá dưới 5 sao hãy liên hệ với shop trước để được hỗ trợ nhé!Giao hàng tận nơi toàn quốc, nhận hàng thu tiền, vận chuyển nhanh chóng, chất lượng đảm bảo","1606","1","Máy tập chân bằng điện phục hồi chức năng tay có màn hình Led điều khiển","2","10","722","20","0","0","200","Máy tập chân bằng điện phục hồi chức năng tay có màn hình Led điều khiển","THÔNG TIN SẢN PHẨMMáy tập phục hồi chức năng chân tay là thiết bị dành cho người tai biến, người chân tay liệt, yếu:- Điện áp: 220V/50HZ- Tốc độ điều chỉnh: 1-12 mức- Công suất định mức: 70W- Tốc độ vòng quay: 35 – 80rpm (vòng/phút)- Đồng hồ màn hình LED hiển thị: Tốc độ, vận tốc và calo- Kích thước lắp đặt: 49 x 49 x 28cm (dài x rộng x cao)- Trọng lượng người tập tối đa: 120kg- Trọng lượng xe: 5,5/6kg- Chức năng: Tự chuyển động để phục hồi chân và tay- Có thể tập luyện mọi lúc- Máy tập tay chân bằng điện cho người tai biến có thể tự chuyển động bằng điện giúp cho người bị liệt, tai biến có thể giúp tập phục hồi vận động tay và chân. Máy tập tay chân bằng điện cho người tai biến rất phù hợp cho người già, người tai biến, người bị tai nạn phục hồi chức năng tay, chân, giúp các khớp được vận động tốt hơnMáy tập tay chân bằng điện cho người tai biến có cấu tạo gồm một điều khiển có thể điều chỉnh, bàn đạp chống trượt, đế chân có cao su chống trượt, công tác tắt mở nguồn khi cần thiết.- BẢO HÀNH 12 THÁNGCAM KẾT:SHOP cam kết hàng y ảnh, sai hoàn tiền 100% nên khách hàng cứ an tâm mua sắm tại shop.Sản phẩm được shop tuyển chọn kĩ lưỡng nên luôn đảm bảo về chất lượng, mẫu mã nhằm mang đến sự thỏa mãn, hài lòng nhất cho quý khách.Shop gửi hàng dựa theo phân loại đơn khách đặt về màu sắc, kích thước, mã hàng sẵn,… KHÁCH HÀNG VUI LÒNG CHỌN PHÂN LOẠI CHÍNH XÁC để tránh sai sót ngoài ý muốn.Hàng được đóng gói an toàn cẩn thận, trước khi đánh giá dưới 5 sao hãy liên hệ với shop trước để được hỗ trợ nhé!Giao hàng tận nơi toàn quốc, nhận hàng thu tiền, vận chuyển nhanh chóng, chất lượng đảm bảo","https://cdn.shopify.com/s/files/1/0732/3703/7299/files/4180f4034e2d44d1b302355b91205f37_tplv-aphluv4xwc-crop-webp_1369_1149.webp?v=1790134019","200","true","Product","false","false","false","23","44","Product snippet required property absent; long meta description"
"sitemap","product","https://demo-web-client.shop/products/gang-tay-co-inh-kiem-soat-an-toan-bao-ve-chong-tray-xuoc-cho-benh-nhan-1736535649923662906","200","https://demo-web-client.shop/products/gang-tay-co-inh-kiem-soat-an-toan-bao-ve-chong-tray-xuoc-cho-benh-nhan-1736535649923662906","false","","","https://demo-web-client.shop/products/gang-tay-co-inh-kiem-soat-an-toan-bao-ve-chong-tray-xuoc-cho-benh-nhan-1736535649923662906","true","Găng tay cố định kiểm soát an toàn bảo vệ chống trầy xước cho bệnh nhân | TOÀN TÂM","82","MÔ TẢ SẢN PHẨM1. Găng tay cố định có khả năng thoáng khí thoải mái, ngăn bệnh nhân đập vào ống tĩnh mạch, ống thông hoặc tự gây thương tích.2. Có thể điều chỉnh độ chặt của chốt giữ cổ tay, thuận tiện cho việc sử dụng cố định, ngăn bệnh nhân nâng găng tay.3. Lớp lót mềm mại và thoải mái, cổ tay không bó sát, thoáng khí đảm bảo thông thoáng.4. Được thiết kế cho người già, bệnh nhân và những người cần nhân viên y tế, ứng dụng rộng rãi.5. Thiết kế dây đeo tay rộng, hình tròn và lòng bàn tay có đệm bảo vệ bệnh nhân và người chăm sóc khỏi tai nạn, tự làm hại bản thân.Loại sản phẩm: Găng tay hạn chế cố địnhChất liệu: Vải lướiMàu sắc: Xanh lamThích hợp: cho người già, bệnh nhân và những người cần nhân viên y tếChức năng: Hạn chế các hành động để ngăn người già và bệnh nhân tự làm trầy xước bản thân và người khác, đồng thời ngăn việc rút ống kim trong quá trình truyền dịch","877","1","Găng tay cố định kiểm soát an toàn bảo vệ chống trầy xước cho bệnh nhân","2","10","548","19","0","0","200","Găng tay cố định kiểm soát an toàn bảo vệ chống trầy xước cho bệnh nhân","MÔ TẢ SẢN PHẨM1. Găng tay cố định có khả năng thoáng khí thoải mái, ngăn bệnh nhân đập vào ống tĩnh mạch, ống thông hoặc tự gây thương tích.2. Có thể điều chỉnh độ chặt của chốt giữ cổ tay, thuận tiện cho việc sử dụng cố định, ngăn bệnh nhân nâng găng tay.3. Lớp lót mềm mại và thoải mái, cổ tay không bó sát, thoáng khí đảm bảo thông thoáng.4. Được thiết kế cho người già, bệnh nhân và những người cần nhân viên y tế, ứng dụng rộng rãi.5. Thiết kế dây đeo tay rộng, hình tròn và lòng bàn tay có đệm bảo vệ bệnh nhân và người chăm sóc khỏi tai nạn, tự làm hại bản thân.Loại sản phẩm: Găng tay hạn chế cố địnhChất liệu: Vải lướiMàu sắc: Xanh lamThích hợp: cho người già, bệnh nhân và những người cần nhân viên y tếChức năng: Hạn chế các hành động để ngăn người già và bệnh nhân tự làm trầy xước bản thân và người khác, đồng thời ngăn việc rút ống kim trong quá trình truyền dịch","https://cdn.shopify.com/s/files/1/0732/3703/7299/files/8d62a54c8fc54103b127729de038bbd5_tplv-aphluv4xwc-crop-webp_1370_1148.webp?v=1790134017","200","true","Product","false","false","false","23","46","Product snippet required property absent; long meta description"
"sitemap","product","https://demo-web-client.shop/products/tam-tham-van-chuyen-benh-nhan-lat-dich-chuyen-ga-trai-giuong-ga-di-chuyen-cua-ng-1736539096933631034","200","https://demo-web-client.shop/products/tam-tham-van-chuyen-benh-nhan-lat-dich-chuyen-ga-trai-giuong-ga-di-chuyen-cua-ng-1736539096933631034","false","","","https://demo-web-client.shop/products/tam-tham-van-chuyen-benh-nhan-lat-dich-chuyen-ga-trai-giuong-ga-di-chuyen-cua-ng-1736539096933631034","true","Tấm Thảm Vận Chuyển Bệnh Nhân, Lật, Dịch Chuyển, Ga Trải Giường, Ga Di Chuyển Của Người Khuyết Tật kích thước 100x120cm | TOÀN TÂM","130","Với việc bệnh nhân nằm tại chỗ, không đi lại được thì những tấm thảm như này để di chuyển bệnh nhân, đỡ bệnh nhân ngồi dậy, lật người rất dễ dàng và tiện lợi.- Nâng, quay, dịch chuyển bệnh nhân dễ dàng: Tấm đệm được trang bị tám tay xách bền chắc, được gia cố giúp bạn dịch chuyển, nâng, quay hoặc di chuyển bất kỳ bệnh nhân nào một cách dễ dàng.- Chắc chắn: Tấm đệm có được may chắc chắn với chất liệu cao cấp giúp nâng đỡ người bệnh một cách dễ dàng- Sử dụng tiện lợi: Với chất liệu thoáng khí, người bệnh khi sử dụng luôn cảm thấy thoải mái, thông thoáng.Đặc biệt sản phẩm này có thể giặt bằng máy giặt mà không lo bị rách hư hỏng- Chất liệu: Vải Oxford 420D- Kích thước: 120x100cm- Trọng lượng sản phẩm: 0,6kg","713","1","Tấm Thảm Vận Chuyển Bệnh Nhân, Lật, Dịch Chuyển, Ga Trải Giường, Ga Di Chuyển Của Người Khuyết Tật kích thước 100x120cm","2","10","512","17","0","0","200","Tấm Thảm Vận Chuyển Bệnh Nhân, Lật, Dịch Chuyển, Ga Trải Giường, Ga Di Chuyển Của Người Khuyết Tật kích thước 100x120cm","Với việc bệnh nhân nằm tại chỗ, không đi lại được thì những tấm thảm như này để di chuyển bệnh nhân, đỡ bệnh nhân ngồi dậy, lật người rất dễ dàng và tiện lợi.- Nâng, quay, dịch chuyển bệnh nhân dễ dàng: Tấm đệm được trang bị tám tay xách bền chắc, được gia cố giúp bạn dịch chuyển, nâng, quay hoặc di chuyển bất kỳ bệnh nhân nào một cách dễ dàng.- Chắc chắn: Tấm đệm có được may chắc chắn với chất liệu cao cấp giúp nâng đỡ người bệnh một cách dễ dàng- Sử dụng tiện lợi: Với chất liệu thoáng khí, người bệnh khi sử dụng luôn cảm thấy thoải mái, thông thoáng.Đặc biệt sản phẩm này có thể giặt bằng máy giặt mà không lo bị rách hư hỏng- Chất liệu: Vải Oxford 420D- Kích thước: 120x100cm- Trọng lượng sản phẩm: 0,6kg","https://cdn.shopify.com/s/files/1/0732/3703/7299/files/e666a0b62bb74af7b7574652e0dfee17_tplv-aphluv4xwc-crop-webp_1254_1254.webp?v=1790134015","200","true","Product","false","false","false","23","43","Product snippet required property absent; long meta description"
"sitemap","product","https://demo-web-client.shop/products/ai-lung-nit-bung-jingba-bao-ve-cot-song-chong-au-lung-thoai-hoa-cot-song-thoat-v-1736535347558712378","200","https://demo-web-client.shop/products/ai-lung-nit-bung-jingba-bao-ve-cot-song-chong-au-lung-thoai-hoa-cot-song-thoat-v-1736535347558712378","false","","","https://demo-web-client.shop/products/ai-lung-nit-bung-jingba-bao-ve-cot-song-chong-au-lung-thoai-hoa-cot-song-thoat-v-1736535347558712378","true","Đai lưng nịt bụng JINGBA bảo vệ cột sống chống đau lưng, thoái hóa cột sống, thoát vị địa đệm | TOÀN TÂM","104","- Chất liệu : Sử dụng công nghệ ép của Đức tạo nên những sợi tơ hình mắt lưới cá, chất liệu mềm mại thoáng khí và thân thiện với da- Thanh hỗ trợ tích hợp : Đai có sử dụng thanh hỗ trợ tích hợp bằng nhựa PVC ở 2 bên và giữa giúp đai thêm chắc bên và hỗ trợ tốt hơn cho vòng eo, lưng.Giảm đau lưng, cột sống.- Điều chỉnh đai: Trên đai có kết hợp miếng dán giúp bạn dễ dàng điều chỉnh đai phù hợp với cơ thể- Kích thước : M, L, XL, XXL- Màu sắc : Xám, Đen1. Chỉ định sử dụng: Đai Lưng Cột Sống JINGBA chống đau lưng, thoái hóa cột sống, thoát vị địa đệm Dự phòng tổn thương cột sống thắt lưng cùng ở các đối tượng có nguy cơ cao như:- Người cao tuổi, người đang điều trị loãng xương, những người phải đứng hoặc ngồi quá lâu khi làm việc (lái xe, cảnh sát giao thông, bác sỹ phẫu thuật, công nhân đứng máy...)- Đang bị viêm thoái hóa các xương khớp cột sống, chấn thương cột sống vùng thắt lưng cùng (theo chỉ định của bác sỹ điều trị)- Đau nhức cột sống vùng thắt lưng cấp tính hoặc mãn tính chưa rõ căn nguyên.- Đau dây thần kinh tọa.- Đau cột sống thắt lưng cấp tính sau khi vận động quá tư thế hoặc mang vác nặng.- Hỗ trợ sau phẫu thuật, sau khi kéo nắn cột sống vùng thắt lưng.2. Lưu ý khi sử dụng- Sản phẩm này không gây ảnh hưởng tới sức khỏe của người sử dụng. Tuy nhiên, Nhà sản xuất khuyến cáo người sử dụng nên tới các cơ sở y tế để kiểm tra rõ tình trạng bệnh của mình. Nếu thấy xuất hiện những vết bầm tím hay nổi đỏ da tại vùng tiếp xúc với đai thắt lưng thì ngưng sử dụng và hỏi ý kiến của Bác sỹ. Không đeo sản phẩm khi ngủ.3. Chỉ dẫn khi giặt- Giặt bằng tay trong nước với xà phòng, vò sạch, làm khô ở nhiệt độ thường. - Không giặt và làm khô bằng máy.","1666","1","Đai lưng nịt bụng JINGBA bảo vệ cột sống chống đau lưng, thoái hóa cột sống, thoát vị địa đệm","2","10","767","20","0","0","200","Đai lưng nịt bụng JINGBA bảo vệ cột sống chống đau lưng, thoái hóa cột sống, thoát vị địa đệm","- Chất liệu : Sử dụng công nghệ ép của Đức tạo nên những sợi tơ hình mắt lưới cá, chất liệu mềm mại thoáng khí và thân thiện với da- Thanh hỗ trợ tích hợp : Đai có sử dụng thanh hỗ trợ tích hợp bằng nhựa PVC ở 2 bên và giữa giúp đai thêm chắc bên và hỗ trợ tốt hơn cho vòng eo, lưng.Giảm đau lưng, cột sống.- Điều chỉnh đai: Trên đai có kết hợp miếng dán giúp bạn dễ dàng điều chỉnh đai phù hợp với cơ thể- Kích thước : M, L, XL, XXL- Màu sắc : Xám, Đen1. Chỉ định sử dụng: Đai Lưng Cột Sống JINGBA chống đau lưng, thoái hóa cột sống, thoát vị địa đệm Dự phòng tổn thương cột sống thắt lưng cùng ở các đối tượng có nguy cơ cao như:- Người cao tuổi, người đang điều trị loãng xương, những người phải đứng hoặc ngồi quá lâu khi làm việc (lái xe, cảnh sát giao thông, bác sỹ phẫu thuật, công nhân đứng máy...)- Đang bị viêm thoái hóa các xương khớp cột sống, chấn thương cột sống vùng thắt lưng cùng (theo chỉ định của bác sỹ điều trị)- Đau nhức cột sống vùng thắt lưng cấp tính hoặc mãn tính chưa rõ căn nguyên.- Đau dây thần kinh tọa.- Đau cột sống thắt lưng cấp tính sau khi vận động quá tư thế hoặc mang vác nặng.- Hỗ trợ sau phẫu thuật, sau khi kéo nắn cột sống vùng thắt lưng.2. Lưu ý khi sử dụng- Sản phẩm này không gây ảnh hưởng tới sức khỏe của người sử dụng. Tuy nhiên, Nhà sản xuất khuyến cáo người sử dụng nên tới các cơ sở y tế để kiểm tra rõ tình trạng bệnh của mình. Nếu thấy xuất hiện những vết bầm tím hay nổi đỏ da tại vùng tiếp xúc với đai thắt lưng thì ngưng sử dụng và hỏi ý kiến của Bác sỹ. Không đeo sản phẩm khi ngủ.3. Chỉ dẫn khi giặt- Giặt bằng tay trong nước với xà phòng, vò sạch, làm khô ở nhiệt độ thường. - Không giặt và làm khô bằng máy.","https://cdn.shopify.com/s/files/1/0732/3703/7299/files/cda0c9de0cc04b22b14eb97722e3101e_tplv-aphluv4xwc-crop-webp_1370_1148.webp?v=1790133749","200","true","Product","false","false","false","23","45","Product snippet required property absent; long meta description"
"sitemap","product","https://demo-web-client.shop/products/em-hoi-chong-loet-co-may-dung-cho-nguoi-gia-nguoi-nam-liet-giuong-1736541491475481658","200","https://demo-web-client.shop/products/em-hoi-chong-loet-co-may-dung-cho-nguoi-gia-nguoi-nam-liet-giuong-1736541491475481658","false","","","https://demo-web-client.shop/products/em-hoi-chong-loet-co-may-dung-cho-nguoi-gia-nguoi-nam-liet-giuong-1736541491475481658","true","Đệm Hơi Chống Loét Có Máy – Dùng Cho Người Già, Người Nằm Liệt Giường | TOÀN TÂM","80","MÔ TẢ SẢN PHẨM CHI TIẾT – ĐỆM HƠI CHỐNG LOÉT CÓ MÁYDành cho người già – người nằm liệt giường – người sau phẫu thuậtNgăn ngừa loét – Giảm đau – Thoải mái khi nằm lâu️ GIỚI THIỆU SẢN PHẨMĐệm hơi chống loét có máy là thiết bị chuyên dùng trong chăm sóc bệnh nhân nằm lâu ngày, người già yếu, người bị tai biến, liệt giường hoặc sau phẫu thuật. Sản phẩm hoạt động bằng máy bơm khí luân phiên, giúp thay đổi áp lực các điểm tì liên tục – đây chính là yếu tố quan trọng để ngăn ngừa hình thành vết loét tì đè.Đệm được thiết kế dạng tổ ong với hàng trăm ô khí nhỏ, mang lại cảm giác êm ái – thoáng khí – chống hầm nóng khi sử dụng lâu.️ MÔ TẢ CHI TIẾT SẢN PHẨMCÔNG DỤNG NỔI BẬTƯU ĐIỂM SO VỚI ĐỆM THƯỜNGHƯỚNG DẪN SỬ DỤNGRất đơn giản – người lớn tuổi cũng có thể làm theo!BỘ SẢN PHẨM BAO GỒMdemoichongloet #demchongloet #demhoi#chamsocnguoibenh #nguoigia #lietgiuong#taibien #thietbiytegiađinh","885","1","Đệm Hơi Chống Loét Có Máy – Dùng Cho Người Già, Người Nằm Liệt Giường","2","10","539","17","0","0","200","Đệm Hơi Chống Loét Có Máy – Dùng Cho Người Già, Người Nằm Liệt Giường","MÔ TẢ SẢN PHẨM CHI TIẾT – ĐỆM HƠI CHỐNG LOÉT CÓ MÁYDành cho người già – người nằm liệt giường – người sau phẫu thuậtNgăn ngừa loét – Giảm đau – Thoải mái khi nằm lâu️ GIỚI THIỆU SẢN PHẨMĐệm hơi chống loét có máy là thiết bị chuyên dùng trong chăm sóc bệnh nhân nằm lâu ngày, người già yếu, người bị tai biến, liệt giường hoặc sau phẫu thuật. Sản phẩm hoạt động bằng máy bơm khí luân phiên, giúp thay đổi áp lực các điểm tì liên tục – đây chính là yếu tố quan trọng để ngăn ngừa hình thành vết loét tì đè.Đệm được thiết kế dạng tổ ong với hàng trăm ô khí nhỏ, mang lại cảm giác êm ái – thoáng khí – chống hầm nóng khi sử dụng lâu.️ MÔ TẢ CHI TIẾT SẢN PHẨMCÔNG DỤNG NỔI BẬTƯU ĐIỂM SO VỚI ĐỆM THƯỜNGHƯỚNG DẪN SỬ DỤNGRất đơn giản – người lớn tuổi cũng có thể làm theo!BỘ SẢN PHẨM BAO GỒMdemoichongloet #demchongloet #demhoi#chamsocnguoibenh #nguoigia #lietgiuong#taibien #thietbiytegiađinh","https://cdn.shopify.com/s/files/1/0732/3703/7299/files/a8831403ddcf4381b051ba9a4d356f38_tplv-aphluv4xwc-crop-webp_1254_1254.webp?v=1790133748","200","true","Product","false","false","false","23","43","Product snippet required property absent; long meta description"
"sitemap","product","https://demo-web-client.shop/products/goi-lat-a-nang-ho-tro-lat-cham-soc-nguoi-benh-1736540039075890234","200","https://demo-web-client.shop/products/goi-lat-a-nang-ho-tro-lat-cham-soc-nguoi-benh-1736540039075890234","false","","","https://demo-web-client.shop/products/goi-lat-a-nang-ho-tro-lat-cham-soc-nguoi-benh-1736540039075890234","true","Gối Lật Đa Năng - Hỗ Trợ Lật ,Chăm Sóc Người Bệnh | TOÀN TÂM","60","Gối Lật Đa Năng- Hỗ Trợ Lật ,Chăm Sóc Người Bệnh Hỗ trợ chăm sóc người ốm lật người, thay bỉm tã, vệ sinh cá nhân- Chất liệu : miếng bọt biển bền chắc- Vỏ bọc da cao cấp, chống thấm giúp việc vệ sinh, giặt rửa dễ dàng- Thiết kế linh hoạt, hỗ trợ tối đa việc xoay lật đối với người gặp khó khăn về vận độngKích thước: ● Gối lật+dây đai: 45x38x13cm● Gối tựa chống trượt lớn: 60x25x20cm● Gối tựa chống trượt nhỏ: 50x25x20cm","420","1","Gối Lật Đa Năng - Hỗ Trợ Lật ,Chăm Sóc Người Bệnh","2","10","450","19","0","0","200","Gối Lật Đa Năng - Hỗ Trợ Lật ,Chăm Sóc Người Bệnh","Gối Lật Đa Năng- Hỗ Trợ Lật ,Chăm Sóc Người Bệnh Hỗ trợ chăm sóc người ốm lật người, thay bỉm tã, vệ sinh cá nhân- Chất liệu : miếng bọt biển bền chắc- Vỏ bọc da cao cấp, chống thấm giúp việc vệ sinh, giặt rửa dễ dàng- Thiết kế linh hoạt, hỗ trợ tối đa việc xoay lật đối với người gặp khó khăn về vận độngKích thước: ● Gối lật+dây đai: 45x38x13cm● Gối tựa chống trượt lớn: 60x25x20cm● Gối tựa chống trượt nhỏ: 50x25x20cm","https://cdn.shopify.com/s/files/1/0732/3703/7299/files/534785840189416797800a4e93e39356_tplv-aphluv4xwc-crop-webp_1254_1254.webp?v=1790133747","200","true","Product","false","false","false","23","43","Product snippet required property absent; long meta description"
"sitemap","product","https://demo-web-client.shop/products/may-tap-tay-robot-ien-gang-tay-robot-ho-tro-tap-luyen-van-ong-ban-tay-ngon-tay-1737163066542818362","200","https://demo-web-client.shop/products/may-tap-tay-robot-ien-gang-tay-robot-ho-tro-tap-luyen-van-ong-ban-tay-ngon-tay-1737163066542818362","false","","","https://demo-web-client.shop/products/may-tap-tay-robot-ien-gang-tay-robot-ho-tro-tap-luyen-van-ong-ban-tay-ngon-tay-1737163066542818362","true","Máy Tập Tay Robot Điện – Găng Tay Robot Hỗ Trợ Tập Luyện Vận Động Bàn Tay, Ngón Tay | TOÀN TÂM","94","MÁY TẬP TAY ROBOT ĐIỆN – HỖ TRỢ TẬP LUYỆN VẬN ĐỘNG BÀN TAY, NGÓN TAY TẠI NHÀMáy tập tay robot điện là thiết bị hỗ trợ luyện tập vận động bàn tay và các ngón tay, phù hợp cho nhu cầu tập luyện thường xuyên tại nhà. Thiết kế dạng găng tay kết hợp bộ điều khiển giúp thao tác sử dụng thuận tiện và dễ dàng điều chỉnh trong quá trình tập.ƯU ĐIỂM NỔI BẬT️ CÁCH HOẠT ĐỘNGKhi sử dụng, găng tay robot hỗ trợ tạo chuyển động gập và duỗi các ngón tay theo chế độ được thiết lập. Người dùng có thể tập luyện từng đợt và điều chỉnh theo khả năng, ưu tiên sự thoải mái trong quá trình sử dụng.‍ PHÙ HỢP VỚILƯU Ý KHI SỬ DỤNGSản phẩm là thiết bị hỗ trợ tập luyện, không phải thuốc và không thay thế chẩn đoán hoặc điều trị y tế. Nên bắt đầu ở mức độ nhẹ, sử dụng đúng hướng dẫn và ngừng sử dụng nếu cảm thấy đau hoặc khó chịu bất thường.MÁY TẬP TAY ROBOT ĐIỆN – GIẢI PHÁP TIỆN LỢI CHO NHU CẦU TẬP LUYỆN BÀN TAY, NGÓN TAY TẠI NHÀ.#MayTapTayRobot #MayTapTayDien #GangTayRobot #GangTayTapTay #MayTapNgonTay #TapLuyenBanTay #TapLuyenNgonTay #DungCuTapLuyen #ChamSocNguoiLonTuoi #ThietBiHoTro","1072","1","Máy Tập Tay Robot Điện – Găng Tay Robot Hỗ Trợ Tập Luyện Vận Động Bàn Tay, Ngón Tay","2","10","589","17","0","0","200","Máy Tập Tay Robot Điện – Găng Tay Robot Hỗ Trợ Tập Luyện Vận Động Bàn Tay, Ngón Tay","MÁY TẬP TAY ROBOT ĐIỆN – HỖ TRỢ TẬP LUYỆN VẬN ĐỘNG BÀN TAY, NGÓN TAY TẠI NHÀMáy tập tay robot điện là thiết bị hỗ trợ luyện tập vận động bàn tay và các ngón tay, phù hợp cho nhu cầu tập luyện thường xuyên tại nhà. Thiết kế dạng găng tay kết hợp bộ điều khiển giúp thao tác sử dụng thuận tiện và dễ dàng điều chỉnh trong quá trình tập.ƯU ĐIỂM NỔI BẬT️ CÁCH HOẠT ĐỘNGKhi sử dụng, găng tay robot hỗ trợ tạo chuyển động gập và duỗi các ngón tay theo chế độ được thiết lập. Người dùng có thể tập luyện từng đợt và điều chỉnh theo khả năng, ưu tiên sự thoải mái trong quá trình sử dụng.‍ PHÙ HỢP VỚILƯU Ý KHI SỬ DỤNGSản phẩm là thiết bị hỗ trợ tập luyện, không phải thuốc và không thay thế chẩn đoán hoặc điều trị y tế. Nên bắt đầu ở mức độ nhẹ, sử dụng đúng hướng dẫn và ngừng sử dụng nếu cảm thấy đau hoặc khó chịu bất thường.MÁY TẬP TAY ROBOT ĐIỆN – GIẢI PHÁP TIỆN LỢI CHO NHU CẦU TẬP LUYỆN BÀN TAY, NGÓN TAY TẠI NHÀ.#MayTapTayRobot #MayTapTayDien #GangTayRobot #GangTayTapTay #MayTapNgonTay #TapLuyenBanTay #TapLuyenNgonTay #DungCuTapLuyen #ChamSocNguoiLonTuoi #ThietBiHoTro","https://cdn.shopify.com/s/files/1/0732/3703/7299/files/dda299be18d64c58b4500970adda9b2e_tplv-aphluv4xwc-crop-webp_1254_1254.webp?v=1790133745","200","true","Product","false","false","false","23","44","Product snippet required property absent; long meta description"
"sitemap","product","https://demo-web-client.shop/products/xe-ap-mini-tap-the-duc-tai-nha-tap-phuc-hoi-chuc-nang-1734761211171865658","200","https://demo-web-client.shop/products/xe-ap-mini-tap-the-duc-tai-nha-tap-phuc-hoi-chuc-nang-1734761211171865658","false","","","https://demo-web-client.shop/products/xe-ap-mini-tap-the-duc-tai-nha-tap-phuc-hoi-chuc-nang-1734761211171865658","true","Xe đạp mini tập thể dục tại nhà - tập phục hồi chức năng | TOÀN TÂM","67","THÔNG SỐ KĨ THUẬTKích thước: 48.5*25*39cm.Khối lượng tịnh: 2,4kgTải trọng: 100kgChất liệu: Nhựa ABS, Thép không gỉ, Cao suCấu trúc ổn định, vận hành trơn truCó màn hình LED hiển thị thông minhDễ dàng gập gọn để cất giữ hay mang đi theo đi xaBàn đạp cao su được thiết kế tùy chỉnh giúp người tập không tuột chân trong khi tập luyện.Bạn có thể tập xen kẽ các bài tập tay, chân để việc tập luyện không bị nhàm chán.️Thay vì phải lặn lội tới phòng tập, mua sắm những máy móc cồng kềnh thì giờ đây mọi chức năng bạn cần gói gọn trong chiếc xe đạp tập thể dục tại nhà. ️Bạn có thể tập thể dục tại nhà để tập cho vùng tay, chân và tác động lên những cơ mông đùi, eo giúp người tập có thể ngăn ngừa các chứng bệnh về đau cột sống, thắt lưng đồng thời đốt cháy mỡ thừa hiệu quả. ️Xe đạp mini được thiết kế nhỏ gọn, phù hợp để lắp đặt ở mọi vị trí như trên ghế sofa, dưới sàn phòng khách, chân bàn làm việc, trên giường, bạn có thể gập gọn 2 chân xe đạp để cất giữ hay mang theo trong những chuyến đi xa.CAM KẾT:SHOP cam kết hàng y ảnh, sai hoàn tiền 100% nên khách hàng cứ an tâm mua sắm tại shop.Sản phẩm được shop tuyển chọn kĩ lưỡng nên luôn đảm bảo về chất lượng, mẫu mã nhằm mang đến sự thỏa mãn, hài lòng nhất cho quý khách.Shop gửi hàng dựa theo phân loại đơn khách đặt về màu sắc, kích thước, mã hàng sẵn,… KHÁCH HÀNG VUI LÒNG CHỌN PHÂN LOẠI CHÍNH XÁC để tránh sai sót ngoài ý muốn.Hàng được đóng gói an toàn cẩn thận, trước khi đánh giá dưới 5 sao hãy liên hệ với shop trước để được hỗ trợ nhé!Giao hàng tận nơi toàn quốc, nhận hàng thu tiền, vận chuyển nhanh chóng, chất lượng đảm bảo#xedapmini#xedaptap#xedaptainha#xedaptaptheduc#xedapphuchoichucnang#maytaptainha#thietbiyte#thietbiytetoantam","1694","1","Xe đạp mini tập thể dục tại nhà - tập phục hồi chức năng","2","10","710","18","0","0","200","Xe đạp mini tập thể dục tại nhà - tập phục hồi chức năng","THÔNG SỐ KĨ THUẬTKích thước: 48.5*25*39cm.Khối lượng tịnh: 2,4kgTải trọng: 100kgChất liệu: Nhựa ABS, Thép không gỉ, Cao suCấu trúc ổn định, vận hành trơn truCó màn hình LED hiển thị thông minhDễ dàng gập gọn để cất giữ hay mang đi theo đi xaBàn đạp cao su được thiết kế tùy chỉnh giúp người tập không tuột chân trong khi tập luyện.Bạn có thể tập xen kẽ các bài tập tay, chân để việc tập luyện không bị nhàm chán.️Thay vì phải lặn lội tới phòng tập, mua sắm những máy móc cồng kềnh thì giờ đây mọi chức năng bạn cần gói gọn trong chiếc xe đạp tập thể dục tại nhà. ️Bạn có thể tập thể dục tại nhà để tập cho vùng tay, chân và tác động lên những cơ mông đùi, eo giúp người tập có thể ngăn ngừa các chứng bệnh về đau cột sống, thắt lưng đồng thời đốt cháy mỡ thừa hiệu quả. ️Xe đạp mini được thiết kế nhỏ gọn, phù hợp để lắp đặt ở mọi vị trí như trên ghế sofa, dưới sàn phòng khách, chân bàn làm việc, trên giường, bạn có thể gập gọn 2 chân xe đạp để cất giữ hay mang theo trong những chuyến đi xa.CAM KẾT:SHOP cam kết hàng y ảnh, sai hoàn tiền 100% nên khách hàng cứ an tâm mua sắm tại shop.Sản phẩm được shop tuyển chọn kĩ lưỡng nên luôn đảm bảo về chất lượng, mẫu mã nhằm mang đến sự thỏa mãn, hài lòng nhất cho quý khách.Shop gửi hàng dựa theo phân loại đơn khách đặt về màu sắc, kích thước, mã hàng sẵn,… KHÁCH HÀNG VUI LÒNG CHỌN PHÂN LOẠI CHÍNH XÁC để tránh sai sót ngoài ý muốn.Hàng được đóng gói an toàn cẩn thận, trước khi đánh giá dưới 5 sao hãy liên hệ với shop trước để được hỗ trợ nhé!Giao hàng tận nơi toàn quốc, nhận hàng thu tiền, vận chuyển nhanh chóng, chất lượng đảm bảo#xedapmini#xedaptap#xedaptainha#xedaptaptheduc#xedapphuchoichucnang#maytaptainha#thietbiyte#thietbiytetoantam","https://cdn.shopify.com/s/files/1/0732/3703/7299/files/bbe36f87fb10419ab38b9d8ed3c4cbc7_tplv-aphluv4xwc-crop-webp_570_570.webp?v=1790133742","200","true","Product","false","false","false","23","44","Product snippet required property absent; long meta description"
"sitemap","product","https://demo-web-client.shop/products/bao-boc-vet-thuong-chong-nuoc-su-dung-khi-tam-an-toan-tien-loi-tai-su-dung-1736542555527873594","200","https://demo-web-client.shop/products/bao-boc-vet-thuong-chong-nuoc-su-dung-khi-tam-an-toan-tien-loi-tai-su-dung-1736542555527873594","false","","","https://demo-web-client.shop/products/bao-boc-vet-thuong-chong-nuoc-su-dung-khi-tam-an-toan-tien-loi-tai-su-dung-1736542555527873594","true","Bao Bọc Vết Thương Chống Nước – Sử Dụng Khi Tắm, An Toàn – Tiện Lợi – Tái Sử Dụng | TOÀN TÂM","92","GIỚI THIỆU SẢN PHẨMBọc bảo vệ chân chống thấm nước khi tắm là phụ kiện cực hữu ích dành cho người bị chấn thương, bó bột, trầy xước, phẫu thuật hoặc đang điều trị vết thương ở chân. Sản phẩm giúp bảo vệ tuyệt đối khỏi nước, giữ cho vùng bị thương luôn khô thoáng khi tắm, rửa hoặc sinh hoạt hằng ngày.MÔ TẢ CHI TIẾT SẢN PHẨMChất liệuThiết kếTính năng nổi bậtĐối tượng sử dụngCÔNG DỤNG CHÍNH#bocbaovechan#chongthamnuoc#bocchanchongnuoc#baoVeVetThuong#bobotchan#bocchanbaitam","473","1","Bao Bọc Vết Thương Chống Nước – Sử Dụng Khi Tắm, An Toàn – Tiện Lợi – Tái Sử Dụng","2","10","464","22","0","0","200","Bao Bọc Vết Thương Chống Nước – Sử Dụng Khi Tắm, An Toàn – Tiện Lợi – Tái Sử Dụng","GIỚI THIỆU SẢN PHẨMBọc bảo vệ chân chống thấm nước khi tắm là phụ kiện cực hữu ích dành cho người bị chấn thương, bó bột, trầy xước, phẫu thuật hoặc đang điều trị vết thương ở chân. Sản phẩm giúp bảo vệ tuyệt đối khỏi nước, giữ cho vùng bị thương luôn khô thoáng khi tắm, rửa hoặc sinh hoạt hằng ngày.MÔ TẢ CHI TIẾT SẢN PHẨMChất liệuThiết kếTính năng nổi bậtĐối tượng sử dụngCÔNG DỤNG CHÍNH#bocbaovechan#chongthamnuoc#bocchanchongnuoc#baoVeVetThuong#bobotchan#bocchanbaitam","https://cdn.shopify.com/s/files/1/0732/3703/7299/files/41d9c442dd98454ca906619106a18c64_tplv-aphluv4xwc-crop-webp_1254_1254.webp?v=1790133741","200","true","Product","false","false","false","23","14","Product snippet required property absent; long meta description"
"sitemap","product","https://demo-web-client.shop/products/con-lan-tap-chan-yoga-massage-gian-co-bap-dung-cu-keo-dan-tu-do-a-chieu-1736556587844273210","200","https://demo-web-client.shop/products/con-lan-tap-chan-yoga-massage-gian-co-bap-dung-cu-keo-dan-tu-do-a-chieu-1736556587844273210","false","","","https://demo-web-client.shop/products/con-lan-tap-chan-yoga-massage-gian-co-bap-dung-cu-keo-dan-tu-do-a-chieu-1736556587844273210","true","Con Lăn Tập Chân, Yoga, Massage Giãn Cơ Bắp - Dụng Cụ Kéo Dãn Tự Do Đa Chiều | TOÀN TÂM","87","Con Lăn Tập Chân, Yoga, Massage Giãn Cơ Bắp - Dụng Cụ Kéo Dãn Tự Do Đa ChiềuGiải Pháp Hoàn Hảo Cho Sự Dẻo Dai & Thư Giãn Cơ BắpCon lăn tập chân là dụng cụ lý tưởng giúp bạn thư giãn, phục hồi cơ bắp và tăng cường tính linh hoạt. Với thiết kế công thái học, con lăn giúp massage bắp chân, giảm căng thẳng, thúc đẩy tuần hoàn máu và cải thiện hiệu suất tập luyện.Tính Năng Nổi BậtMassage & kéo dãn cơ bắp chân: Hỗ trợ thư giãn, giảm mệt mỏi, kích thích lưu thông máu và giúp phục hồi nhanh chóng sau các buổi tập yoga, chạy bộ, thể dục.Thiết kế công thái học: Dễ dàng sử dụng, không gây đau hay mỏi, hỗ trợ kéo dãn cơ bắp hiệu quả, giúp cơ thể linh hoạt hơn.Tăng cường tính linh hoạt: Giúp giảm căng thẳng, nâng cao khả năng vận động, hỗ trợ phục hồi và duy trì sự dẻo dai.Nhỏ gọn, tiện lợi: Dễ dàng mang theo, sử dụng tại nhà, phòng gym hoặc khi đi du lịch.Lợi Ích Khi Sử DụngPhục hồi cơ bắp hiệu quả - giảm đau nhức sau tập luyện.Cải thiện độ linh hoạt - hỗ trợ tốt cho các bài tập yoga, thể dục.Tăng hiệu suất tập luyện - giúp cơ thể sẵn sàng cho các hoạt động thể thao.Sử dụng mọi lúc, mọi nơi - nhỏ gọn, dễ dàng mang theo.CAM KẾT CHẤT LƯỢNG100% hàng đúng mô tả, sai hoàn tiền - yên tâm mua sắm.Sản phẩm chất lượng cao - bền bỉ, hỗ trợ tập luyện hiệu quả.Giao hàng nhanh chóng, đóng gói cẩn thận.Chăm sóc khách hàng tận tâm - hỗ trợ trước khi đánh giá dưới 5 sao!Đặt hàng ngay để trải nghiệm hiệu quả vượt trội!#ConLanTapChan #ConLanMassage #DụngCụTậpYoga #GiãnCơBắp #MassageBắpChân #PhụcHồiCơBắp #KéoDãnTựDo #ThưGiãnCơBắp #TăngCườngLinhHoạt #DụngCụTậpLuyện #TậpYogaTạiNhà #DụngCụThểThao #GiảmĐauCơ #HỗTrợPhụcHồi #SảnPhẩmTậpLuyện","1631","1","Con Lăn Tập Chân, Yoga, Massage Giãn Cơ Bắp - Dụng Cụ Kéo Dãn Tự Do Đa Chiều","2","10","686","18","0","0","200","Con Lăn Tập Chân, Yoga, Massage Giãn Cơ Bắp - Dụng Cụ Kéo Dãn Tự Do Đa Chiều","Con Lăn Tập Chân, Yoga, Massage Giãn Cơ Bắp - Dụng Cụ Kéo Dãn Tự Do Đa ChiềuGiải Pháp Hoàn Hảo Cho Sự Dẻo Dai & Thư Giãn Cơ BắpCon lăn tập chân là dụng cụ lý tưởng giúp bạn thư giãn, phục hồi cơ bắp và tăng cường tính linh hoạt. Với thiết kế công thái học, con lăn giúp massage bắp chân, giảm căng thẳng, thúc đẩy tuần hoàn máu và cải thiện hiệu suất tập luyện.Tính Năng Nổi BậtMassage & kéo dãn cơ bắp chân: Hỗ trợ thư giãn, giảm mệt mỏi, kích thích lưu thông máu và giúp phục hồi nhanh chóng sau các buổi tập yoga, chạy bộ, thể dục.Thiết kế công thái học: Dễ dàng sử dụng, không gây đau hay mỏi, hỗ trợ kéo dãn cơ bắp hiệu quả, giúp cơ thể linh hoạt hơn.Tăng cường tính linh hoạt: Giúp giảm căng thẳng, nâng cao khả năng vận động, hỗ trợ phục hồi và duy trì sự dẻo dai.Nhỏ gọn, tiện lợi: Dễ dàng mang theo, sử dụng tại nhà, phòng gym hoặc khi đi du lịch.Lợi Ích Khi Sử DụngPhục hồi cơ bắp hiệu quả - giảm đau nhức sau tập luyện.Cải thiện độ linh hoạt - hỗ trợ tốt cho các bài tập yoga, thể dục.Tăng hiệu suất tập luyện - giúp cơ thể sẵn sàng cho các hoạt động thể thao.Sử dụng mọi lúc, mọi nơi - nhỏ gọn, dễ dàng mang theo.CAM KẾT CHẤT LƯỢNG100% hàng đúng mô tả, sai hoàn tiền - yên tâm mua sắm.Sản phẩm chất lượng cao - bền bỉ, hỗ trợ tập luyện hiệu quả.Giao hàng nhanh chóng, đóng gói cẩn thận.Chăm sóc khách hàng tận tâm - hỗ trợ trước khi đánh giá dưới 5 sao!Đặt hàng ngay để trải nghiệm hiệu quả vượt trội!#ConLanTapChan #ConLanMassage #DụngCụTậpYoga #GiãnCơBắp #MassageBắpChân #PhụcHồiCơBắp #KéoDãnTựDo #ThưGiãnCơBắp #TăngCườngLinhHoạt #DụngCụTậpLuyện #TậpYogaTạiNhà #DụngCụThểThao #GiảmĐauCơ #HỗTrợPhụcHồi #SảnPhẩmTậpLuyện","https://cdn.shopify.com/s/files/1/0732/3703/7299/files/4bca7ff9c6784cbfaf2b8103e82353c9_tplv-aphluv4xwc-crop-webp_1254_1254.webp?v=1790133739","200","true","Product","false","false","false","23","7","Product snippet required property absent; long meta description"
"sitemap","product","https://demo-web-client.shop/products/ghe-bet-tua-lung-thu-gian-co-7-cap-o-ieu-chinh-theo-so-thich-1736555711179818042","200","https://demo-web-client.shop/products/ghe-bet-tua-lung-thu-gian-co-7-cap-o-ieu-chinh-theo-so-thich-1736555711179818042","false","","","https://demo-web-client.shop/products/ghe-bet-tua-lung-thu-gian-co-7-cap-o-ieu-chinh-theo-so-thich-1736555711179818042","true","Ghế bệt tựa lưng thư giãn  Có 7 Cấp Độ Điều Chỉnh Theo Sở Thích | TOÀN TÂM","74","Thông tin sản phẩm:Model: AC1244Ghế tựa AC1244 được thiết kế với kiểu dáng đơn giản và hiện đại phục vụ cho học bài, nghỉ ngơi, du lịch…Gối đầu có đai có thể điều chỉnh lên xuống phù hợp với chiều cao từng ngườiĐiều chỉnh độ nghiêng dễ dàng giúp thư giãn thoải mái.Chịu lực: 300kgTrọng lượng ghế: 2.3kgỐng thép dày +1200DVải OxfordTính năng: Ngồi nằm kết hợpCAM KẾT:SHOP cam kết hàng y ảnh, sai hoàn tiền 100% nên khách hàng cứ an tâm mua sắm tại shop.Sản phẩm được shop tuyển chọn kĩ lưỡng nên luôn đảm bảo về chất lượng, mẫu mã nhằm mang đến sự thỏa mãn, hài lòng nhất cho quý khách.Shop gửi hàng dựa theo phân loại đơn khách đặt về màu sắc, kích thước, mã hàng sẵn,… KHÁCH HÀNG VUI LÒNG CHỌN PHÂN LOẠI CHÍNH XÁC để tránh sai sót ngoài ý muốn.Hàng được đóng gói an toàn cẩn thận, trước khi đánh giá dưới 5 sao hãy liên hệ với shop trước để được hỗ trợ nhé!Giao hàng tận nơi toàn quốc, nhận hàng thu tiền, vận chuyển nhanh chóng, chất lượng đảm bảo#ghe_bet_tua_lung #ghe_luoi #ghe_thu_gian #Ghe_benh_nhan #ghế_bệt_thư_giãn #Ghế_sofa #ghế_thư_giãn","1047","1","Ghế bệt tựa lưng thư giãn Có 7 Cấp Độ Điều Chỉnh Theo Sở Thích","2","10","593","24","0","0","200","Ghế bệt tựa lưng thư giãn  Có 7 Cấp Độ Điều Chỉnh Theo Sở Thích","Thông tin sản phẩm:Model: AC1244Ghế tựa AC1244 được thiết kế với kiểu dáng đơn giản và hiện đại phục vụ cho học bài, nghỉ ngơi, du lịch…Gối đầu có đai có thể điều chỉnh lên xuống phù hợp với chiều cao từng ngườiĐiều chỉnh độ nghiêng dễ dàng giúp thư giãn thoải mái.Chịu lực: 300kgTrọng lượng ghế: 2.3kgỐng thép dày +1200DVải OxfordTính năng: Ngồi nằm kết hợpCAM KẾT:SHOP cam kết hàng y ảnh, sai hoàn tiền 100% nên khách hàng cứ an tâm mua sắm tại shop.Sản phẩm được shop tuyển chọn kĩ lưỡng nên luôn đảm bảo về chất lượng, mẫu mã nhằm mang đến sự thỏa mãn, hài lòng nhất cho quý khách.Shop gửi hàng dựa theo phân loại đơn khách đặt về màu sắc, kích thước, mã hàng sẵn,… KHÁCH HÀNG VUI LÒNG CHỌN PHÂN LOẠI CHÍNH XÁC để tránh sai sót ngoài ý muốn.Hàng được đóng gói an toàn cẩn thận, trước khi đánh giá dưới 5 sao hãy liên hệ với shop trước để được hỗ trợ nhé!Giao hàng tận nơi toàn quốc, nhận hàng thu tiền, vận chuyển nhanh chóng, chất lượng đảm bảo#ghe_bet_tua_lung #ghe_luoi #ghe_thu_gian #Ghe_benh_nhan #ghế_bệt_thư_giãn #Ghế_sofa #ghế_thư_giãn","https://cdn.shopify.com/s/files/1/0732/3703/7299/files/440f1445530a432ca65960d2219ad159_tplv-aphluv4xwc-crop-webp_1080_1080_d1d3ddb3-f7b1-4217-97ac-fb165a58dab0.webp?v=1790133737","200","true","Product","false","false","false","23","2","Product snippet required property absent; long meta description"
"sitemap","product","https://demo-web-client.shop/products/goi-ngoi-chong-loet-danh-cho-nguoi-benh-nam-lau-ngoi-lau-thoang-khi-em-ai-va-gia-1736536644540138554","200","https://demo-web-client.shop/products/goi-ngoi-chong-loet-danh-cho-nguoi-benh-nam-lau-ngoi-lau-thoang-khi-em-ai-va-gia-1736536644540138554","false","","","https://demo-web-client.shop/products/goi-ngoi-chong-loet-danh-cho-nguoi-benh-nam-lau-ngoi-lau-thoang-khi-em-ai-va-gia-1736536644540138554","true","Gối ngồi chống loét dành cho người bệnh nằm lâu , ngồi lâu  - Thoáng khí , êm ái và giảm áp lực | TOÀN TÂM","106","MÔ TẢ SẢN PHẨMKích thước: Phù hợp với mọi loại giường bệnh hoặc ghế ngồiChất liệu: Mềm mại – Thoáng khí – Đàn hồi tốtThiết kế: Lõm giữa, tạo khe thoáng khí, giảm áp lực lên vùng xương cụt và môngVỏ ngoài: Lưới 3D thoáng mát, dễ tháo ra giặt sạchCó thể dùng cho cả người bệnh nằm lâu ngày, người lớn tuổi, hoặc người bị đau lưng khi ngồi lâu.ƯU ĐIỂM NỔI BẬTKích thước vừa vặn: 37cm x 37cm x 5.5cm – dùng được cho ghế ngồi, xe lăn, giường bệnh, ghế tựa...Giảm áp lực tì đè – Hạn chế loét da vùng mông và lưngThoáng khí – Không gây hăm, bí hơiÊm ái – Nâng đỡ tốt, không bị xẹpAn toàn – Phù hợp với người cao tuổi, người sau tai biến, phẫu thuậtDễ vệ sinh – Giặt tay hoặc máy đều đượcPHÙ HỢP CHO:Người cao tuổi, người sau tai biếnNgười nằm liệt giường, ít vận độngNgười ngồi xe lăn lâu ngàyNhân viên văn phòng, học sinh – sinh viên cần giảm áp lực vùng môngLàm quà tặng chăm sóc sức khỏe người thân#goichongloet #chamsocnguoibenh #taibien #benhnhanlietgiuong #goibenhnhan #tiktokbanhang","982","1","Gối ngồi chống loét dành cho người bệnh nằm lâu , ngồi lâu - Thoáng khí , êm ái và giảm áp lực","2","10","571","16","0","0","200","Gối ngồi chống loét dành cho người bệnh nằm lâu , ngồi lâu  - Thoáng khí , êm ái và giảm áp lực","MÔ TẢ SẢN PHẨMKích thước: Phù hợp với mọi loại giường bệnh hoặc ghế ngồiChất liệu: Mềm mại – Thoáng khí – Đàn hồi tốtThiết kế: Lõm giữa, tạo khe thoáng khí, giảm áp lực lên vùng xương cụt và môngVỏ ngoài: Lưới 3D thoáng mát, dễ tháo ra giặt sạchCó thể dùng cho cả người bệnh nằm lâu ngày, người lớn tuổi, hoặc người bị đau lưng khi ngồi lâu.ƯU ĐIỂM NỔI BẬTKích thước vừa vặn: 37cm x 37cm x 5.5cm – dùng được cho ghế ngồi, xe lăn, giường bệnh, ghế tựa...Giảm áp lực tì đè – Hạn chế loét da vùng mông và lưngThoáng khí – Không gây hăm, bí hơiÊm ái – Nâng đỡ tốt, không bị xẹpAn toàn – Phù hợp với người cao tuổi, người sau tai biến, phẫu thuậtDễ vệ sinh – Giặt tay hoặc máy đều đượcPHÙ HỢP CHO:Người cao tuổi, người sau tai biếnNgười nằm liệt giường, ít vận độngNgười ngồi xe lăn lâu ngàyNhân viên văn phòng, học sinh – sinh viên cần giảm áp lực vùng môngLàm quà tặng chăm sóc sức khỏe người thân#goichongloet #chamsocnguoibenh #taibien #benhnhanlietgiuong #goibenhnhan #tiktokbanhang","https://cdn.shopify.com/s/files/1/0732/3703/7299/files/926cf6e903754cabbacc86c1bb42c656_tplv-aphluv4xwc-crop-webp_1369_1149.webp?v=1790133737","200","true","Product","false","false","false","23","2","Product snippet required property absent; long meta description"
"sitemap","product","https://demo-web-client.shop/products/tay-vin-nha-ve-sinh-a-chuc-nang-giup-nguoi-gia-va-phu-nu-mang-thai-chong-roi-va-1736534789401773114","200","https://demo-web-client.shop/products/tay-vin-nha-ve-sinh-a-chuc-nang-giup-nguoi-gia-va-phu-nu-mang-thai-chong-roi-va-1736534789401773114","false","","","https://demo-web-client.shop/products/tay-vin-nha-ve-sinh-a-chuc-nang-giup-nguoi-gia-va-phu-nu-mang-thai-chong-roi-va-1736534789401773114","true","Tay vịn nhà vệ sinh đa chức năng giúp người già và phụ nữ mang thai chống rơi và chống trượt phụ trợ giúp đứng lên | TOÀN TÂM","125","GIỚI THIỆU SẢN PHẨM“Nhà bạn có người lớn tuổi, người sau phẫu thuật, mẹ bầu, hay người khó khăn khi ngồi – đứng trong nhà vệ sinh?Đây chính là giải pháp giúp họ tự lập, an toàn và không sợ ngã – Khung Tay Vịn Hỗ Trợ Bồn Cầu Chịu Tải Siêu Lớn 400kg!Chỉ cần đặt cạnh bồn cầu là tạo ngay chỗ bám chắc chắn, giúp ngồi xuống – đứng lên cực nhẹ nhàng.Nhà có người già là phải có cái này!”MÔ TẢ CHI TIẾT SẢN PHẨMChịu lực siêu khỏe – lên đến 400 kgKhung làm từ hợp kim thép chắc chắn, chân đế chống trượt tuyệt đối, có thể chịu lực 2 người đứng lên cùng lúc mà không hề rung lắc.Thiết kế an toàn – chống trượt, chống lậtĐiều chỉnh linh hoạtTay vịn bọc mút EVA mềmLắp đặt siêu nhanhKhông cần khoan tường, không cần dụng cụ phức tạp.Mất chỉ 5 phút là xong!Kích thước tiêu chuẩnCÔNG DỤNG SẢN PHẨMHỗ trợ tối đa cho:Lợi ích:#dochianguoigia #trolynguoigia #dokhoinguoigia #giarehomnay#dungcuhoituc #dochoisuckhoe #thietbiytegiadinh","917","1","Tay vịn nhà vệ sinh đa chức năng giúp người già và phụ nữ mang thai chống rơi và chống trượt phụ trợ giúp đứng lên","2","10","559","18","0","0","200","Tay vịn nhà vệ sinh đa chức năng giúp người già và phụ nữ mang thai chống rơi và chống trượt phụ trợ giúp đứng lên","GIỚI THIỆU SẢN PHẨM“Nhà bạn có người lớn tuổi, người sau phẫu thuật, mẹ bầu, hay người khó khăn khi ngồi – đứng trong nhà vệ sinh?Đây chính là giải pháp giúp họ tự lập, an toàn và không sợ ngã – Khung Tay Vịn Hỗ Trợ Bồn Cầu Chịu Tải Siêu Lớn 400kg!Chỉ cần đặt cạnh bồn cầu là tạo ngay chỗ bám chắc chắn, giúp ngồi xuống – đứng lên cực nhẹ nhàng.Nhà có người già là phải có cái này!”MÔ TẢ CHI TIẾT SẢN PHẨMChịu lực siêu khỏe – lên đến 400 kgKhung làm từ hợp kim thép chắc chắn, chân đế chống trượt tuyệt đối, có thể chịu lực 2 người đứng lên cùng lúc mà không hề rung lắc.Thiết kế an toàn – chống trượt, chống lậtĐiều chỉnh linh hoạtTay vịn bọc mút EVA mềmLắp đặt siêu nhanhKhông cần khoan tường, không cần dụng cụ phức tạp.Mất chỉ 5 phút là xong!Kích thước tiêu chuẩnCÔNG DỤNG SẢN PHẨMHỗ trợ tối đa cho:Lợi ích:#dochianguoigia #trolynguoigia #dokhoinguoigia #giarehomnay#dungcuhoituc #dochoisuckhoe #thietbiytegiadinh","https://cdn.shopify.com/s/files/1/0732/3703/7299/files/a1d3805698a940febee9f915bf80edbd_tplv-aphluv4xwc-crop-webp_1370_1148.webp?v=1790133735","200","true","Product","false","false","false","23","2","Product snippet required property absent; long meta description"
"sitemap","product","https://demo-web-client.shop/products/bon-cau-di-ong-thong-minh-bo-ve-sinh-cho-nguoi-gia-nguoi-kho-van-ong-tay-vin-cha-1736535339854234682","200","https://demo-web-client.shop/products/bon-cau-di-ong-thong-minh-bo-ve-sinh-cho-nguoi-gia-nguoi-kho-van-ong-tay-vin-cha-1736535339854234682","false","","","https://demo-web-client.shop/products/bon-cau-di-ong-thong-minh-bo-ve-sinh-cho-nguoi-gia-nguoi-kho-van-ong-tay-vin-cha-1736535339854234682","true","Bồn cầu di động thông minh - Bô vệ sinh cho người già, người khó vận động, tay vịn chắc chắn, tải trọng 100kg | TOÀN TÂM","120","Bồn cầu di động thông minh - Bô vệ sinh cho người già, người khó vận động, tay vịn chắc chắn, tải trọng 100kg- Sản phẩm có tính di động cực cao do siêu nhẹ nên bạn hoàn toàn có thể di chuyển đến bất cứ đâu mà bạn thích- Có thể tháo rời để đem rửa vô cùng tiện lợi. Bệ ngồi rộng rãi và vững chắc nên bạn hoàn toàn có thể yên tâm- Ngoài nắp bồn còn có cả nắp xô đựng chất thải nữa nên bạn yên tâm sẽ không có mùi.Mô Tả Sản Phẩm:- Chất liệu: Nhựa ABS- Kích thước: Như hình ảnh- Tựa lưng chắc chắn, đi vệ sinh thoải mái hơn- Bệ để tay vịn chắc chắn, hỗ trợ đứng lên ngồi xuống- Chịu lực 100kg- Thiết kế nút giảm tốc không gây tiếng ồn khi dùng ban đêm- Cạnh bồn có hộp đựng cuộn giấy vệ sinh tiện lợi.CAM KẾT:SHOP cam kết hàng y ảnh, sai hoàn tiền 100% nên khách hàng cứ an tâm mua sắm tại shop. Sản phẩm được shop tuyển chọn kĩ lưỡng nên luôn đảm bảo về chất lượng, mẫu mã nhằm mang đến sự thỏa mãn, hài lòng nhất cho quý khách. Shop gửi hàng dựa theo phân loại đơn khách đặt về màu sắc, kích thước, mã hàng sẵn,… KHÁCH HÀNG VUI LÒNG CHỌN PHÂN LOẠI CHÍNH XÁC để tránh sai sót ngoài ý muốn. Hàng được đóng gói an toàn cẩn thận, trước khi đánh giá dưới 5 sao hãy liên hệ với shop trước để được hỗ trợ nhé! Giao hàng tận nơi toàn quốc, nhận hàng thu tiền, vận chuyển nhanh chóng, chất lượng đảm bảo #BồnCầuDiĐộng #ToiletThôngMinh #TiệnLợiMọiLúcMọiNơi #NhàVệSinhDiĐộng #SmartToilet #CampingToilet #DuLịchTiệnLợi #BồnCầuXáchTay #TiệnÍchGiaĐình #GiảiPhápVệSinh","1451","1","Bồn cầu di động thông minh - Bô vệ sinh cho người già, người khó vận động, tay vịn chắc chắn, tải trọng 100kg","2","10","670","18","0","0","200","Bồn cầu di động thông minh - Bô vệ sinh cho người già, người khó vận động, tay vịn chắc chắn, tải trọng 100kg","Bồn cầu di động thông minh - Bô vệ sinh cho người già, người khó vận động, tay vịn chắc chắn, tải trọng 100kg- Sản phẩm có tính di động cực cao do siêu nhẹ nên bạn hoàn toàn có thể di chuyển đến bất cứ đâu mà bạn thích- Có thể tháo rời để đem rửa vô cùng tiện lợi. Bệ ngồi rộng rãi và vững chắc nên bạn hoàn toàn có thể yên tâm- Ngoài nắp bồn còn có cả nắp xô đựng chất thải nữa nên bạn yên tâm sẽ không có mùi.Mô Tả Sản Phẩm:- Chất liệu: Nhựa ABS- Kích thước: Như hình ảnh- Tựa lưng chắc chắn, đi vệ sinh thoải mái hơn- Bệ để tay vịn chắc chắn, hỗ trợ đứng lên ngồi xuống- Chịu lực 100kg- Thiết kế nút giảm tốc không gây tiếng ồn khi dùng ban đêm- Cạnh bồn có hộp đựng cuộn giấy vệ sinh tiện lợi.CAM KẾT:SHOP cam kết hàng y ảnh, sai hoàn tiền 100% nên khách hàng cứ an tâm mua sắm tại shop. Sản phẩm được shop tuyển chọn kĩ lưỡng nên luôn đảm bảo về chất lượng, mẫu mã nhằm mang đến sự thỏa mãn, hài lòng nhất cho quý khách. Shop gửi hàng dựa theo phân loại đơn khách đặt về màu sắc, kích thước, mã hàng sẵn,… KHÁCH HÀNG VUI LÒNG CHỌN PHÂN LOẠI CHÍNH XÁC để tránh sai sót ngoài ý muốn. Hàng được đóng gói an toàn cẩn thận, trước khi đánh giá dưới 5 sao hãy liên hệ với shop trước để được hỗ trợ nhé! Giao hàng tận nơi toàn quốc, nhận hàng thu tiền, vận chuyển nhanh chóng, chất lượng đảm bảo #BồnCầuDiĐộng #ToiletThôngMinh #TiệnLợiMọiLúcMọiNơi #NhàVệSinhDiĐộng #SmartToilet #CampingToilet #DuLịchTiệnLợi #BồnCầuXáchTay #TiệnÍchGiaĐình #GiảiPhápVệSinh","https://cdn.shopify.com/s/files/1/0732/3703/7299/files/b6aeed7634174f2a8deb5209bcd41963_tplv-aphluv4xwc-crop-webp_1370_1148.webp?v=1790133734","200","true","Product","false","false","false","23","2","Product snippet required property absent; long meta description"
"sitemap","product","https://demo-web-client.shop/products/ghe-tua-lung-ngoi-bet-gap-gon-co-7-muc-ieu-chinh-phu-hop-voi-nhu-cau-su-dung-1736583423422268474","200","https://demo-web-client.shop/products/ghe-tua-lung-ngoi-bet-gap-gon-co-7-muc-ieu-chinh-phu-hop-voi-nhu-cau-su-dung-1736583423422268474","false","","","https://demo-web-client.shop/products/ghe-tua-lung-ngoi-bet-gap-gon-co-7-muc-ieu-chinh-phu-hop-voi-nhu-cau-su-dung-1736583423422268474","true","Ghế Tựa Lưng Ngồi Bệt Gấp Gọn Có  7 Mức Điều Chỉnh Phù Hợp Với Nhu Cầu Sử Dụng | TOÀN TÂM","89","Thông tin sản phẩm:Model: AC1244Ghế tựa AC1244 được thiết kế với kiểu dáng đơn giản và hiện đại phục vụ cho học bài, nghỉ ngơi, du lịch…Gối đầu có đai có thể điều chỉnh lên xuống phù hợp với chiều cao từng ngườiĐiều chỉnh độ nghiêng dễ dàng giúp thư giãn thoải mái.Chịu lực: 300kgTrọng lượng ghế: 2.3kgỐng thép dày +1200DVải OxfordTính năng: Ngồi nằm kết hợpCAM KẾT:SHOP cam kết hàng y ảnh, sai hoàn tiền 100% nên khách hàng cứ an tâm mua sắm tại shop.Sản phẩm được shop tuyển chọn kĩ lưỡng nên luôn đảm bảo về chất lượng, mẫu mã nhằm mang đến sự thỏa mãn, hài lòng nhất cho quý khách.Shop gửi hàng dựa theo phân loại đơn khách đặt về màu sắc, kích thước, mã hàng sẵn,… KHÁCH HÀNG VUI LÒNG CHỌN PHÂN LOẠI CHÍNH XÁC để tránh sai sót ngoài ý muốn.Hàng được đóng gói an toàn cẩn thận, trước khi đánh giá dưới 5 sao hãy liên hệ với shop trước để được hỗ trợ nhé!Giao hàng tận nơi toàn quốc, nhận hàng thu tiền, vận chuyển nhanh chóng, chất lượng đảm bảo#ghe_bet_tua_lung #ghe_luoi #ghe_thu_gian #Ghe_benh_nhan #ghế_bệt_thư_giãn #Ghế_sofa #ghế_thư_giãn","1047","1","Ghế Tựa Lưng Ngồi Bệt Gấp Gọn Có 7 Mức Điều Chỉnh Phù Hợp Với Nhu Cầu Sử Dụng","2","10","575","19","0","0","200","Ghế Tựa Lưng Ngồi Bệt Gấp Gọn Có  7 Mức Điều Chỉnh Phù Hợp Với Nhu Cầu Sử Dụng","Thông tin sản phẩm:Model: AC1244Ghế tựa AC1244 được thiết kế với kiểu dáng đơn giản và hiện đại phục vụ cho học bài, nghỉ ngơi, du lịch…Gối đầu có đai có thể điều chỉnh lên xuống phù hợp với chiều cao từng ngườiĐiều chỉnh độ nghiêng dễ dàng giúp thư giãn thoải mái.Chịu lực: 300kgTrọng lượng ghế: 2.3kgỐng thép dày +1200DVải OxfordTính năng: Ngồi nằm kết hợpCAM KẾT:SHOP cam kết hàng y ảnh, sai hoàn tiền 100% nên khách hàng cứ an tâm mua sắm tại shop.Sản phẩm được shop tuyển chọn kĩ lưỡng nên luôn đảm bảo về chất lượng, mẫu mã nhằm mang đến sự thỏa mãn, hài lòng nhất cho quý khách.Shop gửi hàng dựa theo phân loại đơn khách đặt về màu sắc, kích thước, mã hàng sẵn,… KHÁCH HÀNG VUI LÒNG CHỌN PHÂN LOẠI CHÍNH XÁC để tránh sai sót ngoài ý muốn.Hàng được đóng gói an toàn cẩn thận, trước khi đánh giá dưới 5 sao hãy liên hệ với shop trước để được hỗ trợ nhé!Giao hàng tận nơi toàn quốc, nhận hàng thu tiền, vận chuyển nhanh chóng, chất lượng đảm bảo#ghe_bet_tua_lung #ghe_luoi #ghe_thu_gian #Ghe_benh_nhan #ghế_bệt_thư_giãn #Ghế_sofa #ghế_thư_giãn","https://cdn.shopify.com/s/files/1/0732/3703/7299/files/6f18b8c77d71461589a959cfe22fe296_tplv-aphluv4xwc-crop-webp_1254_1254.webp?v=1790133733","200","true","Product","false","false","false","23","2","Product snippet required property absent; long meta description"
"sitemap","product","https://demo-web-client.shop/products/ghe-bet-ngoi-tua-lung-thu-gian-ieu-chinh-7-cap-o-1736583418776159290","200","https://demo-web-client.shop/products/ghe-bet-ngoi-tua-lung-thu-gian-ieu-chinh-7-cap-o-1736583418776159290","false","","","https://demo-web-client.shop/products/ghe-bet-ngoi-tua-lung-thu-gian-ieu-chinh-7-cap-o-1736583418776159290","true","Ghế Bệt Ngồi Tựa lưng Thư Giãn – Điều Chỉnh 7 Cấp Độ | TOÀN TÂM","63","Thông tin sản phẩm:Model: AC1244Ghế tựa AC1244 được thiết kế với kiểu dáng đơn giản và hiện đại phục vụ cho học bài, nghỉ ngơi, du lịch…Gối đầu có đai có thể điều chỉnh lên xuống phù hợp với chiều cao từng ngườiĐiều chỉnh độ nghiêng dễ dàng giúp thư giãn thoải mái.Chịu lực: 300kgTrọng lượng ghế: 2.3kgỐng thép dày +1200DVải OxfordTính năng: Ngồi nằm kết hợpCAM KẾT:SHOP cam kết hàng y ảnh, sai hoàn tiền 100% nên khách hàng cứ an tâm mua sắm tại shop.Sản phẩm được shop tuyển chọn kĩ lưỡng nên luôn đảm bảo về chất lượng, mẫu mã nhằm mang đến sự thỏa mãn, hài lòng nhất cho quý khách.Shop gửi hàng dựa theo phân loại đơn khách đặt về màu sắc, kích thước, mã hàng sẵn,… KHÁCH HÀNG VUI LÒNG CHỌN PHÂN LOẠI CHÍNH XÁC để tránh sai sót ngoài ý muốn.Hàng được đóng gói an toàn cẩn thận, trước khi đánh giá dưới 5 sao hãy liên hệ với shop trước để được hỗ trợ nhé!Giao hàng tận nơi toàn quốc, nhận hàng thu tiền, vận chuyển nhanh chóng, chất lượng đảm bảo#ghe_bet_tua_lung #ghe_luoi #ghe_thu_gian #Ghe_benh_nhan #ghế_bệt_thư_giãn #Ghế_sofa #ghế_thư_giãn","1047","1","Ghế Bệt Ngồi Tựa lưng Thư Giãn – Điều Chỉnh 7 Cấp Độ","2","10","570","19","0","0","200","Ghế Bệt Ngồi Tựa lưng Thư Giãn – Điều Chỉnh 7 Cấp Độ","Thông tin sản phẩm:Model: AC1244Ghế tựa AC1244 được thiết kế với kiểu dáng đơn giản và hiện đại phục vụ cho học bài, nghỉ ngơi, du lịch…Gối đầu có đai có thể điều chỉnh lên xuống phù hợp với chiều cao từng ngườiĐiều chỉnh độ nghiêng dễ dàng giúp thư giãn thoải mái.Chịu lực: 300kgTrọng lượng ghế: 2.3kgỐng thép dày +1200DVải OxfordTính năng: Ngồi nằm kết hợpCAM KẾT:SHOP cam kết hàng y ảnh, sai hoàn tiền 100% nên khách hàng cứ an tâm mua sắm tại shop.Sản phẩm được shop tuyển chọn kĩ lưỡng nên luôn đảm bảo về chất lượng, mẫu mã nhằm mang đến sự thỏa mãn, hài lòng nhất cho quý khách.Shop gửi hàng dựa theo phân loại đơn khách đặt về màu sắc, kích thước, mã hàng sẵn,… KHÁCH HÀNG VUI LÒNG CHỌN PHÂN LOẠI CHÍNH XÁC để tránh sai sót ngoài ý muốn.Hàng được đóng gói an toàn cẩn thận, trước khi đánh giá dưới 5 sao hãy liên hệ với shop trước để được hỗ trợ nhé!Giao hàng tận nơi toàn quốc, nhận hàng thu tiền, vận chuyển nhanh chóng, chất lượng đảm bảo#ghe_bet_tua_lung #ghe_luoi #ghe_thu_gian #Ghe_benh_nhan #ghế_bệt_thư_giãn #Ghế_sofa #ghế_thư_giãn","https://cdn.shopify.com/s/files/1/0732/3703/7299/files/1ced177e404b425eb0262e7880821088_tplv-aphluv4xwc-crop-webp_1254_1254.webp?v=1790133731","200","true","Product","false","false","false","23","2","Product snippet required property absent; long meta description"
"sitemap","product","https://demo-web-client.shop/products/em-nang-nguoi-tai-bien-tu-ong-ho-tro-ngoi-day-de-dang-1736556172653069370","200","https://demo-web-client.shop/products/em-nang-nguoi-tai-bien-tu-ong-ho-tro-ngoi-day-de-dang-1736556172653069370","false","","","https://demo-web-client.shop/products/em-nang-nguoi-tai-bien-tu-ong-ho-tro-ngoi-day-de-dang-1736556172653069370","true","Đệm Nâng Người Tai Biến Tự Động – Hỗ Trợ Ngồi Dậy Dễ Dàng | TOÀN TÂM","68","THÔNG TIN SẢN PHẨM- Kích thước (Vui lòng xem ảnh mô tả chi tiết)Trọng lượng: 15kg- Góc tựa lưng: 2- 80 độ- Đệm xốp 4cm- Chất liệu bọc: Vải polyester thoáng mát- Chất liệu khung: Thép không gỉ dày & bền- Trọng tải: 150kgĐẶC ĐIỂM:+ Động cơ tiêu thụ năng lượng ít.+ Không cần cài đặt, chỉ cần cắm nguồn sử dụng ngay.+ Điều khiển lên xuống tự động đơn giản với 2 nút bấm dễ dàng sử dụng cho người lớn tuổi.+ Nâng hạ từ từ, an toàn cho người bệnh, người cao tuổi.+ Không gây tiếng ồn lớn.+ Thép cán nguội cường độ cao không bị biến dạng.+ Cấu trúc ổn định, đảm bảo độ an toàn.+ Bọc vải , nệm có thể tháo rời bằng khóa kéo, dễ dàng tháo giặt vệ sinh.+ Gối đầu êm ái, có thể tháo rời khỏi đệm để điều chỉnh cao thấp.- BẢO HÀNH 24 THÁNG- Tư vấn: 24/7CAM KẾT:SHOP cam kết hàng y ảnh, sai hoàn tiền 100% nên khách hàng cứ an tâm mua sắm tại shop.Sản phẩm được shop tuyển chọn kĩ lưỡng nên luôn đảm bảo về chất lượng, mẫu mã nhằm mang đến sự thỏa mãn, hài lòng nhất cho quý khách.Shop gửi hàng dựa theo phân loại đơn khách đặt về màu sắc, kích thước, mã hàng sẵn,… KHÁCH HÀNG VUI LÒNG CHỌN PHÂN LOẠI CHÍNH XÁC để tránh sai sót ngoài ý muốn.Hàng được đóng gói an toàn cẩn thận, trước khi đánh giá dưới 5 sao hãy liên hệ với shop trước để được hỗ trợ nhé!Giao hàng tận nơi toàn quốc, nhận hàng thu tiền, vận chuyển nhanh chóng, chất lượng đảm bảo","1333","1","Đệm Nâng Người Tai Biến Tự Động – Hỗ Trợ Ngồi Dậy Dễ Dàng","2","10","654","18","0","0","200","Đệm Nâng Người Tai Biến Tự Động – Hỗ Trợ Ngồi Dậy Dễ Dàng","THÔNG TIN SẢN PHẨM- Kích thước (Vui lòng xem ảnh mô tả chi tiết)Trọng lượng: 15kg- Góc tựa lưng: 2- 80 độ- Đệm xốp 4cm- Chất liệu bọc: Vải polyester thoáng mát- Chất liệu khung: Thép không gỉ dày & bền- Trọng tải: 150kgĐẶC ĐIỂM:+ Động cơ tiêu thụ năng lượng ít.+ Không cần cài đặt, chỉ cần cắm nguồn sử dụng ngay.+ Điều khiển lên xuống tự động đơn giản với 2 nút bấm dễ dàng sử dụng cho người lớn tuổi.+ Nâng hạ từ từ, an toàn cho người bệnh, người cao tuổi.+ Không gây tiếng ồn lớn.+ Thép cán nguội cường độ cao không bị biến dạng.+ Cấu trúc ổn định, đảm bảo độ an toàn.+ Bọc vải , nệm có thể tháo rời bằng khóa kéo, dễ dàng tháo giặt vệ sinh.+ Gối đầu êm ái, có thể tháo rời khỏi đệm để điều chỉnh cao thấp.- BẢO HÀNH 24 THÁNG- Tư vấn: 24/7CAM KẾT:SHOP cam kết hàng y ảnh, sai hoàn tiền 100% nên khách hàng cứ an tâm mua sắm tại shop.Sản phẩm được shop tuyển chọn kĩ lưỡng nên luôn đảm bảo về chất lượng, mẫu mã nhằm mang đến sự thỏa mãn, hài lòng nhất cho quý khách.Shop gửi hàng dựa theo phân loại đơn khách đặt về màu sắc, kích thước, mã hàng sẵn,… KHÁCH HÀNG VUI LÒNG CHỌN PHÂN LOẠI CHÍNH XÁC để tránh sai sót ngoài ý muốn.Hàng được đóng gói an toàn cẩn thận, trước khi đánh giá dưới 5 sao hãy liên hệ với shop trước để được hỗ trợ nhé!Giao hàng tận nơi toàn quốc, nhận hàng thu tiền, vận chuyển nhanh chóng, chất lượng đảm bảo","https://cdn.shopify.com/s/files/1/0732/3703/7299/files/7ac6806a9d1943ad9c83809ff3df8e30_tplv-aphluv4xwc-crop-webp_1254_1254.webp?v=1790133729","200","true","Product","false","false","false","23","2","Product snippet required property absent; long meta description"
"sitemap","product","https://demo-web-client.shop/products/bo-i-tieu-2-trong-1-cho-nguoi-gia-tre-nho-nguoi-nam-liet-giuong-dung-tich-2000ml-1736541001946530874","200","https://demo-web-client.shop/products/bo-i-tieu-2-trong-1-cho-nguoi-gia-tre-nho-nguoi-nam-liet-giuong-dung-tich-2000ml-1736541001946530874","false","","","https://demo-web-client.shop/products/bo-i-tieu-2-trong-1-cho-nguoi-gia-tre-nho-nguoi-nam-liet-giuong-dung-tich-2000ml-1736541001946530874","true","Bô đi tiểu 2 trong 1 cho người già, trẻ nhỏ, người nằm liệt giường dung tích 2000ml | TOÀN TÂM","94","Bô Tiểu Cho Nam Có Tay Cầm Di Động với dung tích lớn 2000ml là sản phẩm tiện lợi được thiết kế đặc biệt cho nam giới.Sản phẩm không chỉ mang lại hiệu quả trong việc xử lí nhu cầu hàng ngày mà còn có thiết kế thông minh và hiện đạiSHOP CAM KẾTSHOP cam kết hàng y ảnh, sai hoàn tiền 100% nên khách hàng cứ an tâm mua sắm tại shop. Sản phẩm được shop tuyển chọn kĩ lưỡng nên luôn đảm bảo về chất lượng, mẫu mã nhằm mang đến sự thỏa mãn, hài lòng nhất cho quý khách. Shop gửi hàng dựa theo phân loại đơn khách đặt về màu sắc, kích thước, mã hàng sẵn,… KHÁCH HÀNG VUI LÒNG CHỌN PHÂN LOẠI CHÍNH XÁC để tránh sai sót ngoài ý muốn. Hàng được đóng gói an toàn cẩn thận, trước khi đánh giá dưới 5 sao hãy liên hệ với shop trước để được hỗ trợ nhé! Giao hàng tận nơi toàn quốc, nhận hàng thu tiền, vận chuyển nhanh chóng, chất lượng đảm bảo#Bô_đi_tiểu #Bô_tiểu_nam #Bô_đi_tiểu_cho_người_lớn","879","1","Bô đi tiểu 2 trong 1 cho người già, trẻ nhỏ, người nằm liệt giường dung tích 2000ml","2","10","542","17","0","0","200","Bô đi tiểu 2 trong 1 cho người già, trẻ nhỏ, người nằm liệt giường dung tích 2000ml","Bô Tiểu Cho Nam Có Tay Cầm Di Động với dung tích lớn 2000ml là sản phẩm tiện lợi được thiết kế đặc biệt cho nam giới.Sản phẩm không chỉ mang lại hiệu quả trong việc xử lí nhu cầu hàng ngày mà còn có thiết kế thông minh và hiện đạiSHOP CAM KẾTSHOP cam kết hàng y ảnh, sai hoàn tiền 100% nên khách hàng cứ an tâm mua sắm tại shop. Sản phẩm được shop tuyển chọn kĩ lưỡng nên luôn đảm bảo về chất lượng, mẫu mã nhằm mang đến sự thỏa mãn, hài lòng nhất cho quý khách. Shop gửi hàng dựa theo phân loại đơn khách đặt về màu sắc, kích thước, mã hàng sẵn,… KHÁCH HÀNG VUI LÒNG CHỌN PHÂN LOẠI CHÍNH XÁC để tránh sai sót ngoài ý muốn. Hàng được đóng gói an toàn cẩn thận, trước khi đánh giá dưới 5 sao hãy liên hệ với shop trước để được hỗ trợ nhé! Giao hàng tận nơi toàn quốc, nhận hàng thu tiền, vận chuyển nhanh chóng, chất lượng đảm bảo#Bô_đi_tiểu #Bô_tiểu_nam #Bô_đi_tiểu_cho_người_lớn","https://cdn.shopify.com/s/files/1/0732/3703/7299/files/442d3a0411ca426ca76ff3fd8d52c022_tplv-aphluv4xwc-crop-webp_1254_1254.webp?v=1790133728","200","true","Product","false","false","false","23","2","Product snippet required property absent; long meta description"
"sitemap","product","https://demo-web-client.shop/products/em-ho-tro-nang-nguoi-cao-tuoi-nguoi-tai-bien-ieu-khien-tu-xa-1736583157639382074","200","https://demo-web-client.shop/products/em-ho-tro-nang-nguoi-cao-tuoi-nguoi-tai-bien-ieu-khien-tu-xa-1736583157639382074","false","","","https://demo-web-client.shop/products/em-ho-tro-nang-nguoi-cao-tuoi-nguoi-tai-bien-ieu-khien-tu-xa-1736583157639382074","true","Đệm Hỗ Trợ Nâng Người Cao Tuổi, Người Tai Biến, Điều Khiển Từ Xa | TOÀN TÂM","75","THÔNG TIN SẢN PHẨM- Kích thước (Vui lòng xem ảnh mô tả chi tiết)Trọng lượng: 15kg- Góc tựa lưng: 2- 80 độ- Đệm xốp 4cm- Chất liệu bọc: Vải polyester thoáng mát- Chất liệu khung: Thép không gỉ dày & bền- Trọng tải: 150kgĐẶC ĐIỂM:+ Động cơ tiêu thụ năng lượng ít.+ Không cần cài đặt, chỉ cần cắm nguồn sử dụng ngay.+ Điều khiển lên xuống tự động đơn giản với 2 nút bấm dễ dàng sử dụng cho người lớn tuổi.+ Nâng hạ từ từ, an toàn cho người bệnh, người cao tuổi.+ Không gây tiếng ồn lớn.+ Thép cán nguội cường độ cao không bị biến dạng.+ Cấu trúc ổn định, đảm bảo độ an toàn.+ Bọc vải , nệm có thể tháo rời bằng khóa kéo, dễ dàng tháo giặt vệ sinh.+ Gối đầu êm ái, có thể tháo rời khỏi đệm để điều chỉnh cao thấp.- BẢO HÀNH 24 THÁNG- Tư vấn: 24/7CAM KẾT:SHOP cam kết hàng y ảnh, sai hoàn tiền 100% nên khách hàng cứ an tâm mua sắm tại shop.Sản phẩm được shop tuyển chọn kĩ lưỡng nên luôn đảm bảo về chất lượng, mẫu mã nhằm mang đến sự thỏa mãn, hài lòng nhất cho quý khách.Shop gửi hàng dựa theo phân loại đơn khách đặt về màu sắc, kích thước, mã hàng sẵn,… KHÁCH HÀNG VUI LÒNG CHỌN PHÂN LOẠI CHÍNH XÁC để tránh sai sót ngoài ý muốn.Hàng được đóng gói an toàn cẩn thận, trước khi đánh giá dưới 5 sao hãy liên hệ với shop trước để được hỗ trợ nhé!Giao hàng tận nơi toàn quốc, nhận hàng thu tiền, vận chuyển nhanh chóng, chất lượng đảm bảo","1333","1","Đệm Hỗ Trợ Nâng Người Cao Tuổi, Người Tai Biến, Điều Khiển Từ Xa","2","10","654","20","0","0","200","Đệm Hỗ Trợ Nâng Người Cao Tuổi, Người Tai Biến, Điều Khiển Từ Xa","THÔNG TIN SẢN PHẨM- Kích thước (Vui lòng xem ảnh mô tả chi tiết)Trọng lượng: 15kg- Góc tựa lưng: 2- 80 độ- Đệm xốp 4cm- Chất liệu bọc: Vải polyester thoáng mát- Chất liệu khung: Thép không gỉ dày & bền- Trọng tải: 150kgĐẶC ĐIỂM:+ Động cơ tiêu thụ năng lượng ít.+ Không cần cài đặt, chỉ cần cắm nguồn sử dụng ngay.+ Điều khiển lên xuống tự động đơn giản với 2 nút bấm dễ dàng sử dụng cho người lớn tuổi.+ Nâng hạ từ từ, an toàn cho người bệnh, người cao tuổi.+ Không gây tiếng ồn lớn.+ Thép cán nguội cường độ cao không bị biến dạng.+ Cấu trúc ổn định, đảm bảo độ an toàn.+ Bọc vải , nệm có thể tháo rời bằng khóa kéo, dễ dàng tháo giặt vệ sinh.+ Gối đầu êm ái, có thể tháo rời khỏi đệm để điều chỉnh cao thấp.- BẢO HÀNH 24 THÁNG- Tư vấn: 24/7CAM KẾT:SHOP cam kết hàng y ảnh, sai hoàn tiền 100% nên khách hàng cứ an tâm mua sắm tại shop.Sản phẩm được shop tuyển chọn kĩ lưỡng nên luôn đảm bảo về chất lượng, mẫu mã nhằm mang đến sự thỏa mãn, hài lòng nhất cho quý khách.Shop gửi hàng dựa theo phân loại đơn khách đặt về màu sắc, kích thước, mã hàng sẵn,… KHÁCH HÀNG VUI LÒNG CHỌN PHÂN LOẠI CHÍNH XÁC để tránh sai sót ngoài ý muốn.Hàng được đóng gói an toàn cẩn thận, trước khi đánh giá dưới 5 sao hãy liên hệ với shop trước để được hỗ trợ nhé!Giao hàng tận nơi toàn quốc, nhận hàng thu tiền, vận chuyển nhanh chóng, chất lượng đảm bảo","https://cdn.shopify.com/s/files/1/0732/3703/7299/files/b898f4d7f87943c393744444aaaa7295_tplv-aphluv4xwc-crop-webp_1254_1254.webp?v=1790133726","200","true","Product","false","false","false","23","2","Product snippet required property absent; long meta description"
"sitemap","product","https://demo-web-client.shop/products/em-hoi-xe-lan-chong-loet-em-hoi-o-xe-lan-thoang-khi-em-ai-ho-tro-giam-ap-luc-khi-1737163283039028282","200","https://demo-web-client.shop/products/em-hoi-xe-lan-chong-loet-em-hoi-o-xe-lan-thoang-khi-em-ai-ho-tro-giam-ap-luc-khi-1737163283039028282","false","","","https://demo-web-client.shop/products/em-hoi-xe-lan-chong-loet-em-hoi-o-xe-lan-thoang-khi-em-ai-ho-tro-giam-ap-luc-khi-1737163283039028282","true","Đệm Hơi Xe Lăn Chống Loét – Đệm Hơi Ô Xe Lăn Thoáng Khí, Êm Ái, Hỗ Trợ Giảm Áp Lực Khi Ngồi | TOÀN TÂM","102","ĐỆM HƠI XE LĂN CHỐNG LOÉT – GIẢI PHÁP HỖ TRỢ NGỒI ÊM ÁI, THOÁNG KHÍĐệm hơi xe lăn được thiết kế với hệ thống các khoang khí đan xen, giúp phân bổ áp lực trên bề mặt tiếp xúc và tạo cảm giác êm ái hơn khi ngồi trong thời gian dài. Sản phẩm phù hợp sử dụng trên xe lăn, ghế tại nhà hoặc những vị trí cần tăng sự thoải mái khi ngồi.ƯU ĐIỂM NỔI BẬTPHÙ HỢP SỬ DỤNG️ THOÁNG KHÍ – ÊM ÁI – TIỆN LỢICác khoang khí giúp tạo khoảng đệm giữa cơ thể và bề mặt ghế, kết hợp thiết kế thông thoáng nhằm mang lại trải nghiệm ngồi dễ chịu hơn.LƯU Ý: Sản phẩm hỗ trợ giảm áp lực và tăng sự thoải mái khi ngồi, không phải thuốc và không thay thế các biện pháp chăm sóc hoặc điều trị y tế. Người sử dụng nên thường xuyên thay đổi tư thế và kiểm tra tình trạng da khi phải ngồi lâu.ĐỆM HƠI XE LĂN CHỐNG LOÉT – LỰA CHỌN TIỆN LỢI CHO NHU CẦU NGỒI THOẢI MÁI HẰNG NGÀY.#DemHoiXeLan #DemHoiChongLoet #DemChongLoet #DemNgồiXeLan #DemHoiThoangKhi #DemNgồiThoaiMai #PhuKienXeLan #ChamSocNguoiLonTuoi #DoDungChamSoc #HoTroNguoiNgồiLau","1003","1","Đệm Hơi Xe Lăn Chống Loét – Đệm Hơi Ô Xe Lăn Thoáng Khí, Êm Ái, Hỗ Trợ Giảm Áp Lực Khi Ngồi","2","10","566","17","0","0","200","Đệm Hơi Xe Lăn Chống Loét – Đệm Hơi Ô Xe Lăn Thoáng Khí, Êm Ái, Hỗ Trợ Giảm Áp Lực Khi Ngồi","ĐỆM HƠI XE LĂN CHỐNG LOÉT – GIẢI PHÁP HỖ TRỢ NGỒI ÊM ÁI, THOÁNG KHÍĐệm hơi xe lăn được thiết kế với hệ thống các khoang khí đan xen, giúp phân bổ áp lực trên bề mặt tiếp xúc và tạo cảm giác êm ái hơn khi ngồi trong thời gian dài. Sản phẩm phù hợp sử dụng trên xe lăn, ghế tại nhà hoặc những vị trí cần tăng sự thoải mái khi ngồi.ƯU ĐIỂM NỔI BẬTPHÙ HỢP SỬ DỤNG️ THOÁNG KHÍ – ÊM ÁI – TIỆN LỢICác khoang khí giúp tạo khoảng đệm giữa cơ thể và bề mặt ghế, kết hợp thiết kế thông thoáng nhằm mang lại trải nghiệm ngồi dễ chịu hơn.LƯU Ý: Sản phẩm hỗ trợ giảm áp lực và tăng sự thoải mái khi ngồi, không phải thuốc và không thay thế các biện pháp chăm sóc hoặc điều trị y tế. Người sử dụng nên thường xuyên thay đổi tư thế và kiểm tra tình trạng da khi phải ngồi lâu.ĐỆM HƠI XE LĂN CHỐNG LOÉT – LỰA CHỌN TIỆN LỢI CHO NHU CẦU NGỒI THOẢI MÁI HẰNG NGÀY.#DemHoiXeLan #DemHoiChongLoet #DemChongLoet #DemNgồiXeLan #DemHoiThoangKhi #DemNgồiThoaiMai #PhuKienXeLan #ChamSocNguoiLonTuoi #DoDungChamSoc #HoTroNguoiNgồiLau","https://cdn.shopify.com/s/files/1/0732/3703/7299/files/1c2504cea35b47378dfc2598c826cf14_tplv-aphluv4xwc-crop-webp_1254_1254.webp?v=1790133725","200","true","Product","false","false","false","23","2","Product snippet required property absent; long meta description"
"sitemap","product","https://demo-web-client.shop/products/ua-ho-tro-chuc-nang-ban-tay-cho-nguoi-cao-tuoi-nguoi-sau-tai-bien-thiet-bi-an-uo-1736556449624392762","200","https://demo-web-client.shop/products/ua-ho-tro-chuc-nang-ban-tay-cho-nguoi-cao-tuoi-nguoi-sau-tai-bien-thiet-bi-an-uo-1736556449624392762","false","","","https://demo-web-client.shop/products/ua-ho-tro-chuc-nang-ban-tay-cho-nguoi-cao-tuoi-nguoi-sau-tai-bien-thiet-bi-an-uo-1736556449624392762","true","Đũa hỗ trợ chức năng bàn tay cho người cao tuổi, người sau tai biến, thiết bị ăn uống cho bệnh nhân khuyết tật, run tay | TOÀN TÂM","130","Mô Tả Sản PhẩmĐũa hỗ trợ chức năng bàn tay cho người cao tuổi, người sau tai biến, thiết bị ăn uống cho bệnh nhân khuyết tật, run tay, yếu tay- Chất liệu: Tay cầm làm bằng nhưa ABS, đầu đũa làm bằng tre- Đóng gói: 1 thân đũa, 3 bộ đầu đũa đi kèm- Trọng lượng: 100g- Chi tiết:* Thiết kế uốn cong phần thân phù hợp với thói quen cầm nắm và chú ý đến sự thoải mái cho người cần cải thiện chức năng bàn tay.* Phần giữa sử dụng nút khóa chống rung để cố định đũa, không dễ rơi ra, tự động mở và người bị run, yếu tay có thể gắp được nhẹ nhàng.* Có thể sử dụng bằng cả hai tay.* Tay nghề tinh tế, thiết kế thông minh và độc đáo, trọng lượng nhẹ, một thiết bị trên bàn ăn quan trọng và thiết thực.- Công dụng:* Dụng cụ trợ giúp này phù hợp cho những người có vấn đề về tay như run, co rút đau tay, lực cầm không đủ, cử động kháng lực kém.* Hỗ trợ cài thiện khả năng vận động của tay, bàn tay sẽ được cải thiện dần.* Kết hợp với các dụng cụ hỗ trợ chức năng bàn tay khác như thìa thông minh, bát silicon chống trượt, bàn chải đánh răng (sản phẩm shop sẵn có), không chỉ là những thiết bị ăn uống hữu ích cho người già, mà còn dành cho những người bị tai biến, mắc bệnh Parkinson, người bị rung tay, người khuyết tật,...CAM KẾT:SHOP cam kết hàng y ảnh, sai hoàn tiền 100% nên khách hàng cứ an tâm mua sắm tại shop.Sản phẩm được shop tuyển chọn kĩ lưỡng nên luôn đảm bảo về chất lượng, mẫu mã nhằm mang đến sự thỏa mãn, hài lòng nhất cho quý khách.Shop gửi hàng dựa theo phân loại đơn khách đặt về màu sắc, kích thước, mã hàng sẵn,… KHÁCH HÀNG VUI LÒNG CHỌN PHÂN LOẠI CHÍNH XÁC để tránh sai sót ngoài ý muốn.Hàng được đóng gói an toàn cẩn thận, trước khi đánh giá dưới 5 sao hãy liên hệ với shop trước để được hỗ trợ nhé!Giao hàng tận nơi toàn quốc, nhận hàng thu tiền, vận chuyển nhanh chóng, chất lượng đảm bảo","1802","1","Đũa hỗ trợ chức năng bàn tay cho người cao tuổi, người sau tai biến, thiết bị ăn uống cho bệnh nhân khuyết tật, run tay","2","10","773","18","0","0","200","Đũa hỗ trợ chức năng bàn tay cho người cao tuổi, người sau tai biến, thiết bị ăn uống cho bệnh nhân khuyết tật, run tay","Mô Tả Sản PhẩmĐũa hỗ trợ chức năng bàn tay cho người cao tuổi, người sau tai biến, thiết bị ăn uống cho bệnh nhân khuyết tật, run tay, yếu tay- Chất liệu: Tay cầm làm bằng nhưa ABS, đầu đũa làm bằng tre- Đóng gói: 1 thân đũa, 3 bộ đầu đũa đi kèm- Trọng lượng: 100g- Chi tiết:* Thiết kế uốn cong phần thân phù hợp với thói quen cầm nắm và chú ý đến sự thoải mái cho người cần cải thiện chức năng bàn tay.* Phần giữa sử dụng nút khóa chống rung để cố định đũa, không dễ rơi ra, tự động mở và người bị run, yếu tay có thể gắp được nhẹ nhàng.* Có thể sử dụng bằng cả hai tay.* Tay nghề tinh tế, thiết kế thông minh và độc đáo, trọng lượng nhẹ, một thiết bị trên bàn ăn quan trọng và thiết thực.- Công dụng:* Dụng cụ trợ giúp này phù hợp cho những người có vấn đề về tay như run, co rút đau tay, lực cầm không đủ, cử động kháng lực kém.* Hỗ trợ cài thiện khả năng vận động của tay, bàn tay sẽ được cải thiện dần.* Kết hợp với các dụng cụ hỗ trợ chức năng bàn tay khác như thìa thông minh, bát silicon chống trượt, bàn chải đánh răng (sản phẩm shop sẵn có), không chỉ là những thiết bị ăn uống hữu ích cho người già, mà còn dành cho những người bị tai biến, mắc bệnh Parkinson, người bị rung tay, người khuyết tật,...CAM KẾT:SHOP cam kết hàng y ảnh, sai hoàn tiền 100% nên khách hàng cứ an tâm mua sắm tại shop.Sản phẩm được shop tuyển chọn kĩ lưỡng nên luôn đảm bảo về chất lượng, mẫu mã nhằm mang đến sự thỏa mãn, hài lòng nhất cho quý khách.Shop gửi hàng dựa theo phân loại đơn khách đặt về màu sắc, kích thước, mã hàng sẵn,… KHÁCH HÀNG VUI LÒNG CHỌN PHÂN LOẠI CHÍNH XÁC để tránh sai sót ngoài ý muốn.Hàng được đóng gói an toàn cẩn thận, trước khi đánh giá dưới 5 sao hãy liên hệ với shop trước để được hỗ trợ nhé!Giao hàng tận nơi toàn quốc, nhận hàng thu tiền, vận chuyển nhanh chóng, chất lượng đảm bảo","https://cdn.shopify.com/s/files/1/0732/3703/7299/files/9270c7a328ac47bdb0b2a1198bba6283_tplv-aphluv4xwc-crop-webp_1254_1254.webp?v=1790132852","200","true","Product","false","false","false","23","2","Product snippet required property absent; long meta description"
"sitemap","product","https://demo-web-client.shop/products/goi-ke-em-tam-giac-ho-tro-nguoi-gia-nguoi-benh-nam-nghieng-de-dang-cham-soc-ieu-1736536413617030202","200","https://demo-web-client.shop/products/goi-ke-em-tam-giac-ho-tro-nguoi-gia-nguoi-benh-nam-nghieng-de-dang-cham-soc-ieu-1736536413617030202","false","","","https://demo-web-client.shop/products/goi-ke-em-tam-giac-ho-tro-nguoi-gia-nguoi-benh-nam-nghieng-de-dang-cham-soc-ieu-1736536413617030202","true","Gối Kê Đệm Tam Giác – Hỗ Trợ Người Già, Người Bệnh Nằm Nghiêng Dễ Dàng Chăm Sóc & Điều Trị | TOÀN TÂM","101","Gối Kê Đệm Tam Giác Hỗ Trợ Người Già , Người Bệnh Nằm Nghiêng ,Dễ Dàng Cho Việc Chăm Sóc, Điều TrịMÔ TẢ SẢN PHẨM:Đệm tam giác R/ gối xoay : thoải mái, dốc dầnCung cấp hỗ trợ lưng và chân, giảm áp lực cột sống và đau lưngLõi là miếng bọt biển có mật độ cao giúp đệm kê/ gối xoay không bị biến dạng qua thời gian dài sử dụngCó thể được tháo rời và làm sạch bởi vỏ có thể tháo dời, thuận tiện cho việc điều dưỡngĐối tượng áp dụng: người già, nằm liệt giường, người tàn tật, bệnh nhân gãy xương chi dưới, hỗ trợ eo, lưng, chân, bụng#goi #chamsocnguoibenh #gokebenhnhan #goixoaynguoibenh #phukienhotrosuckhoe","603","1","Gối Kê Đệm Tam Giác – Hỗ Trợ Người Già, Người Bệnh Nằm Nghiêng Dễ Dàng Chăm Sóc & Điều Trị","2","10","487","20","0","0","200","Gối Kê Đệm Tam Giác – Hỗ Trợ Người Già, Người Bệnh Nằm Nghiêng Dễ Dàng Chăm Sóc & Điều Trị","Gối Kê Đệm Tam Giác Hỗ Trợ Người Già , Người Bệnh Nằm Nghiêng ,Dễ Dàng Cho Việc Chăm Sóc, Điều TrịMÔ TẢ SẢN PHẨM:Đệm tam giác R/ gối xoay : thoải mái, dốc dầnCung cấp hỗ trợ lưng và chân, giảm áp lực cột sống và đau lưngLõi là miếng bọt biển có mật độ cao giúp đệm kê/ gối xoay không bị biến dạng qua thời gian dài sử dụngCó thể được tháo rời và làm sạch bởi vỏ có thể tháo dời, thuận tiện cho việc điều dưỡngĐối tượng áp dụng: người già, nằm liệt giường, người tàn tật, bệnh nhân gãy xương chi dưới, hỗ trợ eo, lưng, chân, bụng#goi #chamsocnguoibenh #gokebenhnhan #goixoaynguoibenh #phukienhotrosuckhoe","https://cdn.shopify.com/s/files/1/0732/3703/7299/files/0388242e9c76424dba2d9e8f3e220563_tplv-aphluv4xwc-crop-webp_1369_1149.webp?v=1790132851","200","true","Product","false","false","false","23","2","Product snippet required property absent; long meta description"
"sitemap","product","https://demo-web-client.shop/products/bo-ai-tien-cho-nguoi-nam-liet-giuong-bo-ve-sinh-tai-giuong-co-nap-ay-em-em-tien-1737163439065695290","200","https://demo-web-client.shop/products/bo-ai-tien-cho-nguoi-nam-liet-giuong-bo-ve-sinh-tai-giuong-co-nap-ay-em-em-tien-1737163439065695290","false","","","https://demo-web-client.shop/products/bo-ai-tien-cho-nguoi-nam-liet-giuong-bo-ve-sinh-tai-giuong-co-nap-ay-em-em-tien-1737163439065695290","true","Bô Đại Tiện Cho Người Nằm Liệt Giường – Bô Vệ Sinh Tại Giường Có Nắp Đậy, Đệm Êm Tiện Lợi | TOÀN TÂM","100","Bình Tiểu Đa Năng Cho Người Già Khó Đi LạiThiết kế tiện lợi: Bình tiểu đa năng được thiết kế cho người cao tuổi, người bị tai biến, liệt giường và người sau phẫu thuật. Sản phẩm giúp đi vệ sinh dễ dàng ngay tại giường, không cần đứng dậy hay di chuyển xa.Đặc điểm sản phẩmHướng dẫn sử dụngƯu điểmĐối tượng sử dụngLợi ích","320","1","Bô Đại Tiện Cho Người Nằm Liệt Giường – Bô Vệ Sinh Tại Giường Có Nắp Đậy, Đệm Êm Tiện Lợi","2","10","428","17","0","0","200","Bô Đại Tiện Cho Người Nằm Liệt Giường – Bô Vệ Sinh Tại Giường Có Nắp Đậy, Đệm Êm Tiện Lợi","Bình Tiểu Đa Năng Cho Người Già Khó Đi LạiThiết kế tiện lợi: Bình tiểu đa năng được thiết kế cho người cao tuổi, người bị tai biến, liệt giường và người sau phẫu thuật. Sản phẩm giúp đi vệ sinh dễ dàng ngay tại giường, không cần đứng dậy hay di chuyển xa.Đặc điểm sản phẩmHướng dẫn sử dụngƯu điểmĐối tượng sử dụngLợi ích","https://cdn.shopify.com/s/files/1/0732/3703/7299/files/c4c6d848edcd4ac09210e77ccd2bb453_tplv-aphluv4xwc-crop-webp_1254_1254.webp?v=1790132849","200","true","Product","false","false","false","23","2","Product snippet required property absent; long meta description"
"sitemap","product","https://demo-web-client.shop/products/chau-goi-au-tai-giuong-gap-gon-danh-cho-nguoi-gia-nguoi-benh-phu-nu-sau-sinh-1736556558117274682","200","https://demo-web-client.shop/products/chau-goi-au-tai-giuong-gap-gon-danh-cho-nguoi-gia-nguoi-benh-phu-nu-sau-sinh-1736556558117274682","false","","","https://demo-web-client.shop/products/chau-goi-au-tai-giuong-gap-gon-danh-cho-nguoi-gia-nguoi-benh-phu-nu-sau-sinh-1736556558117274682","true","Chậu Gội Đầu Tại Giường Gấp Gọn – Dành Cho Người Già, Người Bệnh, Phụ Nữ Sau Sinh | TOÀN TÂM","92","THÔNG TIN SẢN PHẨM– Tên sản phẩm: Chậu Gội Đầu Tại Giường– Chất liệu: Nhựa PP nguyên sinh cao cấp, an toàn, bền đẹp– Màu sắc: Trắng, Xanh– Trọng lượng: 1500g– Kích thước: 65x34.5x14cm – điều chỉnh 5 cấp độ– Đối tượng sử dụng: Người CHẬU GỘI ĐẦU bệnh, người già, bà bầu, trẻ em, người lớn...– Vị trí sử dụng: Trên giường, ghế, sàn nhà…- Bộ Sản Phẩm Gồm:+ 1 x Chậu Gội Đầu+ 4 x Chân+ 1 x Ống Thoát Nước+ 1 x Cốc+ 1 x Khay Đựng Đồ+ 1 x Thanh Treo Khăn2. ĐẶC ĐIỂM NỔI BẬT- Chậu được làm bằng chất liệu PP độ bền cao, chịu nhiệt tốt, đặc biệt không mùi, an toàn khi tiếp xúc và thân thiện với môi trường.- Thiết kế công thái học giúp cho việc gội đầu trở nên thoải mái và dễ chịu, đệm TPE mềm chống trượt không gây kích ứng cho đầu và cổ.- Thân chậu thiết kế với nhiều sống nhựa ở đáy chậu giúp tăng độ chắc chắn của sản phẩm.- Thiết kế đường ống thoát nước ở bên hông giúp thoát nước thuận tiện.Cam kết:Sản phẩm chính hãng 100%, đầy đủ phụ kiện, có bảo hành 12 tháng.Giao hàng nhanh toàn quốc, đóng gói cẩn thận, hỗ trợ kiểm tra hàng trước khi thanh toán.Tư vấn miễn phí, đồng hành cùng người bệnh trong suốt quá trình phục hồi.Hoàn tiền 1 đổi 1 nếu sản phẩm lỗi do nhà sản xuất.️ Đội ngũ tận tâm – hỗ trợ sau bán hàng nhiệt tình, chu đáo.#ChậuGộiĐầuCóChân #ChậuGộiĐầuTạiNhà #ChậuGộiĐầuNgườiGià #ChậuGộiĐầuChoBệnhNhân #ChậuGộiĐầuTiệnLợi #ChậuGộiĐầuDiĐộng #ChămSócNgườiBệnh #ThiếtBịYTếToànTâm #DụngCụYTếGiaĐình #ChămSócNgườiGià","1422","1","Chậu Gội Đầu Tại Giường Gấp Gọn – Dành Cho Người Già, Người Bệnh, Phụ Nữ Sau Sinh","2","10","650","20","0","0","200","Chậu Gội Đầu Tại Giường Gấp Gọn – Dành Cho Người Già, Người Bệnh, Phụ Nữ Sau Sinh","THÔNG TIN SẢN PHẨM– Tên sản phẩm: Chậu Gội Đầu Tại Giường– Chất liệu: Nhựa PP nguyên sinh cao cấp, an toàn, bền đẹp– Màu sắc: Trắng, Xanh– Trọng lượng: 1500g– Kích thước: 65x34.5x14cm – điều chỉnh 5 cấp độ– Đối tượng sử dụng: Người CHẬU GỘI ĐẦU bệnh, người già, bà bầu, trẻ em, người lớn...– Vị trí sử dụng: Trên giường, ghế, sàn nhà…- Bộ Sản Phẩm Gồm:+ 1 x Chậu Gội Đầu+ 4 x Chân+ 1 x Ống Thoát Nước+ 1 x Cốc+ 1 x Khay Đựng Đồ+ 1 x Thanh Treo Khăn2. ĐẶC ĐIỂM NỔI BẬT- Chậu được làm bằng chất liệu PP độ bền cao, chịu nhiệt tốt, đặc biệt không mùi, an toàn khi tiếp xúc và thân thiện với môi trường.- Thiết kế công thái học giúp cho việc gội đầu trở nên thoải mái và dễ chịu, đệm TPE mềm chống trượt không gây kích ứng cho đầu và cổ.- Thân chậu thiết kế với nhiều sống nhựa ở đáy chậu giúp tăng độ chắc chắn của sản phẩm.- Thiết kế đường ống thoát nước ở bên hông giúp thoát nước thuận tiện.Cam kết:Sản phẩm chính hãng 100%, đầy đủ phụ kiện, có bảo hành 12 tháng.Giao hàng nhanh toàn quốc, đóng gói cẩn thận, hỗ trợ kiểm tra hàng trước khi thanh toán.Tư vấn miễn phí, đồng hành cùng người bệnh trong suốt quá trình phục hồi.Hoàn tiền 1 đổi 1 nếu sản phẩm lỗi do nhà sản xuất.️ Đội ngũ tận tâm – hỗ trợ sau bán hàng nhiệt tình, chu đáo.#ChậuGộiĐầuCóChân #ChậuGộiĐầuTạiNhà #ChậuGộiĐầuNgườiGià #ChậuGộiĐầuChoBệnhNhân #ChậuGộiĐầuTiệnLợi #ChậuGộiĐầuDiĐộng #ChămSócNgườiBệnh #ThiếtBịYTếToànTâm #DụngCụYTếGiaĐình #ChămSócNgườiGià","https://cdn.shopify.com/s/files/1/0732/3703/7299/files/7f1dfbf9e0754b7cac1a4ae20f248466_tplv-aphluv4xwc-crop-webp_1254_1254.webp?v=1790132848","200","true","Product","false","false","false","23","2","Product snippet required property absent; long meta description"
"sitemap","product","https://demo-web-client.shop/products/tui-ung-nuoc-tieu-nam-gioi-dung-cu-i-tieu-thiet-bi-pheu-tui-ung-nuoc-cho-benh-nh-1736542442617537594","200","https://demo-web-client.shop/products/tui-ung-nuoc-tieu-nam-gioi-dung-cu-i-tieu-thiet-bi-pheu-tui-ung-nuoc-cho-benh-nh-1736542442617537594","false","","","https://demo-web-client.shop/products/tui-ung-nuoc-tieu-nam-gioi-dung-cu-i-tieu-thiet-bi-pheu-tui-ung-nuoc-cho-benh-nh-1736542442617537594","true","Túi đựng nước tiểu Nam giới, Dụng cụ đi tiểu, Thiết bị Phễu Túi đựng nước cho bệnh nhân già liệt giường 1000ml | TOÀN TÂM","121","Mô Tả Sản Phẩm:- Bộ dụng cụ hỗ trợ bệnh nhân đi tiểu với 2 bộ phận, phần capot được làm từ silicon mềm và phù hợp cho da, phần vải được may bằng vải cotton và đưuọc thiết kế rất tiện ích và thoáng mát - Chụp Tiểu Được làm từ silicon an toàn với da người bệnh- Dây đai cố định chắc chắn tùy chỉnh theo kích cỡ phù hợp với bệnh nhân- Các đầu nối chắc chắn đảm bảo không bị dò nước tiểu ra ngoài- Dễ dàng tháo giặt và thiết kế phù hợp, sử dụng đơn giản và thuận tiện.- Có thể tháo rời, rửa sạch và thay thế cho nhiều mục đích sử dụng, đáp ứng các nhu cầu khác nhau.- Thiết kế ngăn Dòng Chảy Ngược được thiết kế cẩn thận, nằm bên cũng có thể đảm bảo không có rò rỉ nước tiểu, thoải mái, thuận tiện để sử dụng cho người cao tuổi, người bệnh nằm liệt giường.- Tái Sử Dụng Được Nhiều Lần.- Thích hợp cho người già, yếu, ốm và khuyết tật, gãy xương, liệt, đi tiểu thường xuyên, đi tiểu khẩn cấp, mất kiểm soát tiểu tiện, nhầm lẫn tinh thần, không thể tự chăm sóc bản thân và các bệnh nhân khác. Sản phẩm được làm bằng mủ cao su chất lượng cao, polyme Và các vật liệu khác. Thiết kế khoa học, dễ sử dụng (nên mua 2 bộ sử dụng xen kẽ, dễ vệ sinh)- HƯỚNG DẪN SỬ DỤNG:1. Xả túi nước tiểu bằng nhựa với nước hoặc không khí trước để tránh bám dính của túi nước tiểu bằng nhựa, nếu ống thông nhựa làm phẳng, có thể sử dụng với nước ấm để giải quyết vấn đề.2. Buộc dây đai cố định đàn hồi vào eo và nhắm lỗ thủng ở rãnh túi nước tiểu.3. Hai túi dài được tách rời từ giữa rễ của chân sang trái và phải, và kết nối với hai đai ngắn ở phía sau. Mở công tắc xả trên túi nước tiểu bằng nhựa và treo túi nước tiểu bằng nhựa trên đầu giường và bạn có thể sử dụng nó.- Lưu Ý:1. Tiếp xúc chặt chẽ với nước tiểu với lỗ mở của túi thông gió để tránh rò rỉ nước tiểu.2. Túi thông hơi được kết nối chặt chẽ với ống thông nhựa.3. Bất kể ở mọi vị trí nào, ống thông nhựa phải thấp hơn vị trí của túi thông gió, tránh bị méo túi thông.4. Sử dụng lâu dài, bộ sưu tập nước tiểu và nơi tiếp xúc với da để giữ khô và làm sạch.- Sản Phẩm Bộ Chụp Tiểu Nam Bao Gồm:+ Túi Đựng Nước Tiểu: 1 cái+ Dây Dẫn Nước Tiểu+ Chụp Tiểu 100%silicon+Quần và Dây Đai Vải Cổ định Capot chụp tiểuCAM KẾT:SHOP cam kết hàng y ảnh, sai hoàn tiền 100% nên khách hàng cứ an tâm mua sắm tại shop. Sản phẩm được shop tuyển chọn kĩ lưỡng nên luôn đảm bảo về chất lượng, mẫu mã nhằm mang đến sự thỏa mãn, hài lòng nhất cho quý khách. Shop gửi hàng dựa theo phân loại đơn khách đặt về màu sắc, kích thước, mã hàng sẵn,…KHÁCH HÀNG VUI LÒNG CHỌN PHÂN LOẠI CHÍNH XÁC để tránh sai sót ngoài ý muốn. Hàng được đóng gói an toàn cẩn thận, trước khi đánh giá dưới 5 sao hãy liên hệ với shop trước để được hỗ trợ nhé! Giao hàng tận nơi toàn quốc, nhận hàng thu tiền, vận chuyển nhanh chóng, chất lượng đảm bảo","2733","1","Túi đựng nước tiểu Nam giới, Dụng cụ đi tiểu, Thiết bị Phễu Túi đựng nước cho bệnh nhân già liệt giường 1000ml","2","10","990","20","0","0","200","Túi đựng nước tiểu Nam giới, Dụng cụ đi tiểu, Thiết bị Phễu Túi đựng nước cho bệnh nhân già liệt giường 1000ml","Mô Tả Sản Phẩm:- Bộ dụng cụ hỗ trợ bệnh nhân đi tiểu với 2 bộ phận, phần capot được làm từ silicon mềm và phù hợp cho da, phần vải được may bằng vải cotton và đưuọc thiết kế rất tiện ích và thoáng mát - Chụp Tiểu Được làm từ silicon an toàn với da người bệnh- Dây đai cố định chắc chắn tùy chỉnh theo kích cỡ phù hợp với bệnh nhân- Các đầu nối chắc chắn đảm bảo không bị dò nước tiểu ra ngoài- Dễ dàng tháo giặt và thiết kế phù hợp, sử dụng đơn giản và thuận tiện.- Có thể tháo rời, rửa sạch và thay thế cho nhiều mục đích sử dụng, đáp ứng các nhu cầu khác nhau.- Thiết kế ngăn Dòng Chảy Ngược được thiết kế cẩn thận, nằm bên cũng có thể đảm bảo không có rò rỉ nước tiểu, thoải mái, thuận tiện để sử dụng cho người cao tuổi, người bệnh nằm liệt giường.- Tái Sử Dụng Được Nhiều Lần.- Thích hợp cho người già, yếu, ốm và khuyết tật, gãy xương, liệt, đi tiểu thường xuyên, đi tiểu khẩn cấp, mất kiểm soát tiểu tiện, nhầm lẫn tinh thần, không thể tự chăm sóc bản thân và các bệnh nhân khác. Sản phẩm được làm bằng mủ cao su chất lượng cao, polyme Và các vật liệu khác. Thiết kế khoa học, dễ sử dụng (nên mua 2 bộ sử dụng xen kẽ, dễ vệ sinh)- HƯỚNG DẪN SỬ DỤNG:1. Xả túi nước tiểu bằng nhựa với nước hoặc không khí trước để tránh bám dính của túi nước tiểu bằng nhựa, nếu ống thông nhựa làm phẳng, có thể sử dụng với nước ấm để giải quyết vấn đề.2. Buộc dây đai cố định đàn hồi vào eo và nhắm lỗ thủng ở rãnh túi nước tiểu.3. Hai túi dài được tách rời từ giữa rễ của chân sang trái và phải, và kết nối với hai đai ngắn ở phía sau. Mở công tắc xả trên túi nước tiểu bằng nhựa và treo túi nước tiểu bằng nhựa trên đầu giường và bạn có thể sử dụng nó.- Lưu Ý:1. Tiếp xúc chặt chẽ với nước tiểu với lỗ mở của túi thông gió để tránh rò rỉ nước tiểu.2. Túi thông hơi được kết nối chặt chẽ với ống thông nhựa.3. Bất kể ở mọi vị trí nào, ống thông nhựa phải thấp hơn vị trí của túi thông gió, tránh bị méo túi thông.4. Sử dụng lâu dài, bộ sưu tập nước tiểu và nơi tiếp xúc với da để giữ khô và làm sạch.- Sản Phẩm Bộ Chụp Tiểu Nam Bao Gồm:+ Túi Đựng Nước Tiểu: 1 cái+ Dây Dẫn Nước Tiểu+ Chụp Tiểu 100%silicon+Quần và Dây Đai Vải Cổ định Capot chụp tiểuCAM KẾT:SHOP cam kết hàng y ảnh, sai hoàn tiền 100% nên khách hàng cứ an tâm mua sắm tại shop. Sản phẩm được shop tuyển chọn kĩ lưỡng nên luôn đảm bảo về chất lượng, mẫu mã nhằm mang đến sự thỏa mãn, hài lòng nhất cho quý khách. Shop gửi hàng dựa theo phân loại đơn khách đặt về màu sắc, kích thước, mã hàng sẵn,…KHÁCH HÀNG VUI LÒNG CHỌN PHÂN LOẠI CHÍNH XÁC để tránh sai sót ngoài ý muốn. Hàng được đóng gói an toàn cẩn thận, trước khi đánh giá dưới 5 sao hãy liên hệ với shop trước để được hỗ trợ nhé! Giao hàng tận nơi toàn quốc, nhận hàng thu tiền, vận chuyển nhanh chóng, chất lượng đảm bảo","https://cdn.shopify.com/s/files/1/0732/3703/7299/files/5f5ff76b9bb244e3b6b7f6b1141444bf_tplv-aphluv4xwc-crop-webp_1254_1254.webp?v=1790132846","200","true","Product","false","false","false","23","3","Product snippet required property absent; long meta description"
"sitemap","product","https://demo-web-client.shop/products/dung-cu-phuc-hoi-chuc-nang-canh-tay-rong-roc-tap-vai-tay-tai-nha-1736984414032593978","200","https://demo-web-client.shop/products/dung-cu-phuc-hoi-chuc-nang-canh-tay-rong-roc-tap-vai-tay-tai-nha-1736984414032593978","false","","","https://demo-web-client.shop/products/dung-cu-phuc-hoi-chuc-nang-canh-tay-rong-roc-tap-vai-tay-tai-nha-1736984414032593978","true","Dụng Cụ Phục Hồi Chức Năng Cánh Tay – Ròng Rọc Tập Vai, Tay Tại Nhà | TOÀN TÂM","78","Dụng Cụ Tập Kéo Tay Phục Hồi Sau Tai Biến - Ròng Rọc Kéo Cơ Tay Cho Người Già, YếuMô Tả Sản Phẩm:• 2 tay nắm bằng nhựa• 01 sợi dây dù làm phương tiện kéo giữ,• 01 hệ thống móc treo tườngƯu điểm• Dụng cụ tập kéo tay là 1 phương tiện hỗ trợ cho những người tập phục hồi sau tai biến.• Dụng cụ tập kéo tay sau tai biến đã giúp ích rất nhiều cho người bệnh.• Có nhiều cách kéo để phục hồi tay mà chúng ta có thể áp dụng tập cho người bệnh hoặc tập theo phương pháp bệnh viện hay các trung tâm vật lý trị liệu đang áp dụng.• Người bệnh tự lấy tay nọ kéo tay kia một cách nhẹ nhàng thông qua hệ thống tay cầm và ròng rọc.• Tập kéo các hướng thẳng đứng, hoặc góc chéo… để phục hồi cơ tay.• Tập co, gập, duỗi cánh tay… bằng chính sức của mình một cách an toàn và hiệu quả.Quy cách:Ròng rọc tập vai và tay cho bệnh nhân tai biến : Có phần cố định treo bằng cao su nên rất dễ mắc. Nhờ sự hỗ trợ của ròng rọc, và dây sẽ giúp bệnh nhân phục hổi nhanh chóng. Mỗi lần tập luyện 2-3 lần mỗi lần 15-20 phút.CAM KẾT:SHOP cam kết hàng y ảnh, sai hoàn tiền 100% nên khách hàng cứ an tâm mua sắm tại shop.Sản phẩm được shop tuyển chọn kĩ lưỡng nên luôn đảm bảo về chất lượng, mẫu mã nhằm mang đến sự thỏa mãn, hài lòng nhất cho quý khách.Shop gửi hàng dựa theo phân loại đơn khách đặt về màu sắc, kích thước, mã hàng sẵn,… KHÁCH HÀNG VUI LÒNG CHỌN PHÂN LOẠI CHÍNH XÁC để tránh sai sót ngoài ý muốn.Hàng được đóng gói an toàn cẩn thận, trước khi đánh giá dưới 5 sao hãy liên hệ với shop trước để được hỗ trợ nhé!Giao hàng tận nơi toàn quốc, nhận hàng thu tiền, vận chuyển nhanh chóng, chất lượng đảm bảo#rongroctapphuchoichucnang#phuchoichucnang#tapvatlytrilieu#tapphuchoi#dungcutapluyen#vatlytrilieu","1679","1","Dụng Cụ Phục Hồi Chức Năng Cánh Tay – Ròng Rọc Tập Vai, Tay Tại Nhà","2","10","720","21","0","0","200","Dụng Cụ Phục Hồi Chức Năng Cánh Tay – Ròng Rọc Tập Vai, Tay Tại Nhà","Dụng Cụ Tập Kéo Tay Phục Hồi Sau Tai Biến - Ròng Rọc Kéo Cơ Tay Cho Người Già, YếuMô Tả Sản Phẩm:• 2 tay nắm bằng nhựa• 01 sợi dây dù làm phương tiện kéo giữ,• 01 hệ thống móc treo tườngƯu điểm• Dụng cụ tập kéo tay là 1 phương tiện hỗ trợ cho những người tập phục hồi sau tai biến.• Dụng cụ tập kéo tay sau tai biến đã giúp ích rất nhiều cho người bệnh.• Có nhiều cách kéo để phục hồi tay mà chúng ta có thể áp dụng tập cho người bệnh hoặc tập theo phương pháp bệnh viện hay các trung tâm vật lý trị liệu đang áp dụng.• Người bệnh tự lấy tay nọ kéo tay kia một cách nhẹ nhàng thông qua hệ thống tay cầm và ròng rọc.• Tập kéo các hướng thẳng đứng, hoặc góc chéo… để phục hồi cơ tay.• Tập co, gập, duỗi cánh tay… bằng chính sức của mình một cách an toàn và hiệu quả.Quy cách:Ròng rọc tập vai và tay cho bệnh nhân tai biến : Có phần cố định treo bằng cao su nên rất dễ mắc. Nhờ sự hỗ trợ của ròng rọc, và dây sẽ giúp bệnh nhân phục hổi nhanh chóng. Mỗi lần tập luyện 2-3 lần mỗi lần 15-20 phút.CAM KẾT:SHOP cam kết hàng y ảnh, sai hoàn tiền 100% nên khách hàng cứ an tâm mua sắm tại shop.Sản phẩm được shop tuyển chọn kĩ lưỡng nên luôn đảm bảo về chất lượng, mẫu mã nhằm mang đến sự thỏa mãn, hài lòng nhất cho quý khách.Shop gửi hàng dựa theo phân loại đơn khách đặt về màu sắc, kích thước, mã hàng sẵn,… KHÁCH HÀNG VUI LÒNG CHỌN PHÂN LOẠI CHÍNH XÁC để tránh sai sót ngoài ý muốn.Hàng được đóng gói an toàn cẩn thận, trước khi đánh giá dưới 5 sao hãy liên hệ với shop trước để được hỗ trợ nhé!Giao hàng tận nơi toàn quốc, nhận hàng thu tiền, vận chuyển nhanh chóng, chất lượng đảm bảo#rongroctapphuchoichucnang#phuchoichucnang#tapvatlytrilieu#tapphuchoi#dungcutapluyen#vatlytrilieu","https://cdn.shopify.com/s/files/1/0732/3703/7299/files/989919675185487d93310dd7108e289d_tplv-aphluv4xwc-crop-webp_1254_1254.webp?v=1790132844","200","true","Product","false","false","false","23","5","Product snippet required property absent; long meta description"
"sitemap","product","https://demo-web-client.shop/products/chau-goi-au-tien-loi-goi-tai-nha-chau-goi-au-di-ong-co-tua-co-tien-dung-cho-nguo-1737162798032585786","200","https://demo-web-client.shop/products/chau-goi-au-tien-loi-goi-tai-nha-chau-goi-au-di-ong-co-tua-co-tien-dung-cho-nguo-1737162798032585786","false","","","https://demo-web-client.shop/products/chau-goi-au-tien-loi-goi-tai-nha-chau-goi-au-di-ong-co-tua-co-tien-dung-cho-nguo-1737162798032585786","true","Chậu Gội Đầu Tiện Lợi Gội Tại Nhà – Chậu Gội Đầu Di Động Có Tựa Cổ, Tiện Dụng Cho Người Lớn Tuổi | TOÀN TÂM","107","CHẬU GỘI ĐẦU TIỆN LỢI – GIẢI PHÁP GỘI ĐẦU THOẢI MÁI TẠI NHÀBạn gặp khó khăn khi phải cúi đầu gội đầu? Người lớn tuổi, người cần nghỉ ngơi hoặc người hạn chế vận động cảm thấy bất tiện khi gội đầu trong nhà tắm?Chậu gội đầu tiện lợi được thiết kế giúp việc gội đầu trở nên đơn giản, sạch sẽ và thuận tiện hơn ngay tại nhà.ƯU ĐIỂM NỔI BẬTTHIẾT KẾ HƯỚNG ĐẾN SỰ THOẢI MÁIKhông cần phải cúi người quá lâu hay di chuyển nhiều. Chậu giúp tạo không gian gội đầu thuận tiện hơn, hỗ trợ người sử dụng thư giãn trong quá trình gội.THÔNG TIN SẢN PHẨMLưu ý: Sản phẩm hỗ trợ sự tiện lợi khi gội đầu, không phải thiết bị y tế và không thay thế hướng dẫn chăm sóc chuyên môn.#ChauGoiDau #ChauGoiDauTienLoi #ChauGoiDauTaiNha #ChauGoiDauDiDong #DungCuGoiDau #GoiDauTaiNha #ChamSocNguoiLonTuoi #DoGiaDungTienIch #DoDungGiaDinh","807","1","Chậu Gội Đầu Tiện Lợi Gội Tại Nhà – Chậu Gội Đầu Di Động Có Tựa Cổ, Tiện Dụng Cho Người Lớn Tuổi","2","10","517","18","0","0","200","Chậu Gội Đầu Tiện Lợi Gội Tại Nhà – Chậu Gội Đầu Di Động Có Tựa Cổ, Tiện Dụng Cho Người Lớn Tuổi","CHẬU GỘI ĐẦU TIỆN LỢI – GIẢI PHÁP GỘI ĐẦU THOẢI MÁI TẠI NHÀBạn gặp khó khăn khi phải cúi đầu gội đầu? Người lớn tuổi, người cần nghỉ ngơi hoặc người hạn chế vận động cảm thấy bất tiện khi gội đầu trong nhà tắm?Chậu gội đầu tiện lợi được thiết kế giúp việc gội đầu trở nên đơn giản, sạch sẽ và thuận tiện hơn ngay tại nhà.ƯU ĐIỂM NỔI BẬTTHIẾT KẾ HƯỚNG ĐẾN SỰ THOẢI MÁIKhông cần phải cúi người quá lâu hay di chuyển nhiều. Chậu giúp tạo không gian gội đầu thuận tiện hơn, hỗ trợ người sử dụng thư giãn trong quá trình gội.THÔNG TIN SẢN PHẨMLưu ý: Sản phẩm hỗ trợ sự tiện lợi khi gội đầu, không phải thiết bị y tế và không thay thế hướng dẫn chăm sóc chuyên môn.#ChauGoiDau #ChauGoiDauTienLoi #ChauGoiDauTaiNha #ChauGoiDauDiDong #DungCuGoiDau #GoiDauTaiNha #ChamSocNguoiLonTuoi #DoGiaDungTienIch #DoDungGiaDinh","https://cdn.shopify.com/s/files/1/0732/3703/7299/files/9b8e90e4cfb349b78f112b32cdb58dd6_tplv-aphluv4xwc-crop-webp_1254_1254.webp?v=1790132842","200","true","Product","false","false","false","23","2","Product snippet required property absent; long meta description"
"sitemap","product","https://demo-web-client.shop/products/chau-xong-rua-vung-kin-gap-gon-cho-ba-bau-me-moi-sinh-1736541791805998138","200","https://demo-web-client.shop/products/chau-xong-rua-vung-kin-gap-gon-cho-ba-bau-me-moi-sinh-1736541791805998138","false","","","https://demo-web-client.shop/products/chau-xong-rua-vung-kin-gap-gon-cho-ba-bau-me-moi-sinh-1736541791805998138","true","CHẬU XÔNG RỬA VÙNG KÍN GẤP GỌN CHO BÀ BẦU, MẸ MỚI SINH | TOÀN TÂM","65","MÔ TẢ SẢN PHẨM:- Kích thước:+ Khi mở ra: 39x12cm.+ Khi gập gọn: 39x5cm- Phù hợp với đa số các loại bồn hiện tại.- Chậu xông vùng kín gấp gọn, giúp tối ưu diện tích phòng tắm.- Có phần đệm ngồi bao quanh, rất thoải mái trong quá trình sử dụng. Giúp ấm áp vào mùa đông và tươi mát vào mùa hè.- Vật liệu: nhựa chất lượng cao cho khả năng chịu nóng, lạnh vượt trội.- Các chế độ: Xông thư giãn và sục rửa mát xa.- Bộ vòi xịt có thể tháo rời, và lắp vào nhanh chóng- Chậu xông cực tiện luôn, xông lá trầu không, lá trà xanh cực tốt luôn ạ đỡ phải ngồi xổm mệt đứt hơi.- Em này cực kỳ tiện cho chị em phụ nữ bây giờ, chị em phụ nữ mới đẻ xong. Chị em phụ nữ đang có bầu.chị e bị viên nhiễm thì Cực tốt luôn ạ , mỗi chị em nên có một chiếc- Chậu này bác nào đang đau nhức do Trĩ hoặc phụ nữ mắc bệnh phụ khoa, hoặc sau sinh thì thật sự cần lắm đấy ạ. Chị nào có thói quen xông vùng kín thì biết lợi ích mang lại của xông như thế nào rồi đấy ạ. Bí quyết làm đẹp đó các chị emCAM KẾT:SHOP cam kết hàng y ảnh, sai hoàn tiền 100% nên khách hàng cứ an tâm mua sắm tại shop. Sản phẩm được shop tuyển chọn kĩ lưỡng nên luôn đảm bảo về chất lượng, mẫu mã nhằm mang đến sự thỏa mãn, hài lòng nhất cho quý khách. Shop gửi hàng dựa theo phân loại đơn khách đặt về màu sắc, kích thước, mã hàng sẵn,… KHÁCH HÀNG VUI LÒNG CHỌN PHÂN LOẠI CHÍNH XÁC để tránh sai sót ngoài ý muốn. Hàng được đóng gói an toàn cẩn thận, trước khi đánh giá dưới 5 sao hãy liên hệ với shop trước để được hỗ trợ nhé! Giao hàng tận nơi toàn quốc, nhận hàng thu tiền, vận chuyển nhanh chóng, chất lượng đảm bảo","1561","1","CHẬU XÔNG RỬA VÙNG KÍN GẤP GỌN CHO BÀ BẦU, MẸ MỚI SINH","2","10","708","20","0","0","200","CHẬU XÔNG RỬA VÙNG KÍN GẤP GỌN CHO BÀ BẦU, MẸ MỚI SINH","MÔ TẢ SẢN PHẨM:- Kích thước:+ Khi mở ra: 39x12cm.+ Khi gập gọn: 39x5cm- Phù hợp với đa số các loại bồn hiện tại.- Chậu xông vùng kín gấp gọn, giúp tối ưu diện tích phòng tắm.- Có phần đệm ngồi bao quanh, rất thoải mái trong quá trình sử dụng. Giúp ấm áp vào mùa đông và tươi mát vào mùa hè.- Vật liệu: nhựa chất lượng cao cho khả năng chịu nóng, lạnh vượt trội.- Các chế độ: Xông thư giãn và sục rửa mát xa.- Bộ vòi xịt có thể tháo rời, và lắp vào nhanh chóng- Chậu xông cực tiện luôn, xông lá trầu không, lá trà xanh cực tốt luôn ạ đỡ phải ngồi xổm mệt đứt hơi.- Em này cực kỳ tiện cho chị em phụ nữ bây giờ, chị em phụ nữ mới đẻ xong. Chị em phụ nữ đang có bầu.chị e bị viên nhiễm thì Cực tốt luôn ạ , mỗi chị em nên có một chiếc- Chậu này bác nào đang đau nhức do Trĩ hoặc phụ nữ mắc bệnh phụ khoa, hoặc sau sinh thì thật sự cần lắm đấy ạ. Chị nào có thói quen xông vùng kín thì biết lợi ích mang lại của xông như thế nào rồi đấy ạ. Bí quyết làm đẹp đó các chị emCAM KẾT:SHOP cam kết hàng y ảnh, sai hoàn tiền 100% nên khách hàng cứ an tâm mua sắm tại shop. Sản phẩm được shop tuyển chọn kĩ lưỡng nên luôn đảm bảo về chất lượng, mẫu mã nhằm mang đến sự thỏa mãn, hài lòng nhất cho quý khách. Shop gửi hàng dựa theo phân loại đơn khách đặt về màu sắc, kích thước, mã hàng sẵn,… KHÁCH HÀNG VUI LÒNG CHỌN PHÂN LOẠI CHÍNH XÁC để tránh sai sót ngoài ý muốn. Hàng được đóng gói an toàn cẩn thận, trước khi đánh giá dưới 5 sao hãy liên hệ với shop trước để được hỗ trợ nhé! Giao hàng tận nơi toàn quốc, nhận hàng thu tiền, vận chuyển nhanh chóng, chất lượng đảm bảo","https://cdn.shopify.com/s/files/1/0732/3703/7299/files/3deb6b41bacd4da89bc7704ec25a3185_tplv-aphluv4xwc-crop-webp_1254_1254.webp?v=1790132841","200","true","Product","false","false","false","23","2","Product snippet required property absent; long meta description"
"sitemap","product","https://demo-web-client.shop/products/dung-cu-ho-tro-i-tieu-cho-nguoi-gia-nguoi-nam-tai-cho-1734806979941073978","200","https://demo-web-client.shop/products/dung-cu-ho-tro-i-tieu-cho-nguoi-gia-nguoi-nam-tai-cho-1734806979941073978","false","","","https://demo-web-client.shop/products/dung-cu-ho-tro-i-tieu-cho-nguoi-gia-nguoi-nam-tai-cho-1734806979941073978","true","Dụng cụ hỗ trợ đi tiểu cho người già, người nằm tại chỗ | TOÀN TÂM","66","Dụng Cụ Hỗ Trợ Đi Tiểu Cho Nam, Nữ, Người Cao Tuổi – Tiện Lợi – Kín Đáo – Dễ DùngƯu điểm nổi bật:Thiết kế tiện lợi, sử dụng đơn giản: Có thể sử dụng tại giường, không cần di chuyển, giảm thiểu rủi ro té ngãChất liệu mềm mại, an toàn: Capot silicone mềm, không gây kích ứng da, thoải mái khi dùng lâu dàiHệ thống ống dẫn và túi chứa tiện lợi: Có thể kết nối túi đựng 1000ml - 2000ml, tránh tràn, dễ thay thếGiặt được – Tái sử dụng nhiều lần: Tiết kiệm chi phí, thân thiện môi trườngDành cho cả NAM – NỮ – NAM CAO TUỔI: Có các loại chụp phù hợp theo giới tính và độ tuổiBộ sản phẩm gồm:1 quần capot gắn chụp silicon1 ống dẫn nước tiểu2 túi đựng nước tiểu (dung tích 1000ml & 2000ml )Hướng dẫn sử dụng:Mặc quần capot vào, điều chỉnh dây dán sao cho ôm sát cơ thể.Lắp đầu chụp silicon đúng vị trí, kết nối với ống dẫn.Đầu còn lại của ống dẫn nối vào túi đựng nước tiểu.Túi có thể treo hoặc đặt cố định dưới giường.Sau khi dùng, tháo rời, vệ sinh sạch sẽ, phơi khô và tái sử dụng.Lưu ý khi sử dụng:Nên vệ sinh dụng cụ sau mỗi lần sử dụng để đảm bảo vệ sinhKhông nên dùng cho người đang bị viêm nhiễm vùng kínCam kết sản phẩm đúng mô tả – đúng hình ảnh 100%Shop nói không với hàng kém chất lượng, hàng trôi nổi.Đóng gói cẩn thận – giao hàng nhanh toàn quốcHạn chế tối đa móp méo, hư hỏng trong quá trình vận chuyển.Hỗ trợ đổi trả nếu sản phẩm lỗi do nhà sản xuấtXử lý nhanh chóng – rõ ràng – không gây phiền hà cho khách.Tư vấn tận tâm trước & sau khi muaHỗ trợ khách sử dụng đúng cách, an toàn và hiệu quả.Uy tín – trách nhiệm – bán hàng lâu dàiSự hài lòng của khách hàng là ưu tiên hàng đầu của shop.#chụptiểunam #dungcụđitiểu #dungcụhỗtrợđitiểu #capottiểunam #tiểutiệntạigiường #thiếtbịytế #hỗtrợbệnhnhân #dungcụchođibệnh #đitiệuchođànông #chămsócbệnhnhân #tiểuđứng #tiểunữ #tiểunamcaotuổi #dungcụytếgiáre #chămsócngườigià #giườngbệnh","1831","1","Dụng cụ hỗ trợ đi tiểu cho người già, người nằm tại chỗ","2","10","731","22","0","0","200","Dụng cụ hỗ trợ đi tiểu cho người già, người nằm tại chỗ","Dụng Cụ Hỗ Trợ Đi Tiểu Cho Nam, Nữ, Người Cao Tuổi – Tiện Lợi – Kín Đáo – Dễ DùngƯu điểm nổi bật:Thiết kế tiện lợi, sử dụng đơn giản: Có thể sử dụng tại giường, không cần di chuyển, giảm thiểu rủi ro té ngãChất liệu mềm mại, an toàn: Capot silicone mềm, không gây kích ứng da, thoải mái khi dùng lâu dàiHệ thống ống dẫn và túi chứa tiện lợi: Có thể kết nối túi đựng 1000ml - 2000ml, tránh tràn, dễ thay thếGiặt được – Tái sử dụng nhiều lần: Tiết kiệm chi phí, thân thiện môi trườngDành cho cả NAM – NỮ – NAM CAO TUỔI: Có các loại chụp phù hợp theo giới tính và độ tuổiBộ sản phẩm gồm:1 quần capot gắn chụp silicon1 ống dẫn nước tiểu2 túi đựng nước tiểu (dung tích 1000ml & 2000ml )Hướng dẫn sử dụng:Mặc quần capot vào, điều chỉnh dây dán sao cho ôm sát cơ thể.Lắp đầu chụp silicon đúng vị trí, kết nối với ống dẫn.Đầu còn lại của ống dẫn nối vào túi đựng nước tiểu.Túi có thể treo hoặc đặt cố định dưới giường.Sau khi dùng, tháo rời, vệ sinh sạch sẽ, phơi khô và tái sử dụng.Lưu ý khi sử dụng:Nên vệ sinh dụng cụ sau mỗi lần sử dụng để đảm bảo vệ sinhKhông nên dùng cho người đang bị viêm nhiễm vùng kínCam kết sản phẩm đúng mô tả – đúng hình ảnh 100%Shop nói không với hàng kém chất lượng, hàng trôi nổi.Đóng gói cẩn thận – giao hàng nhanh toàn quốcHạn chế tối đa móp méo, hư hỏng trong quá trình vận chuyển.Hỗ trợ đổi trả nếu sản phẩm lỗi do nhà sản xuấtXử lý nhanh chóng – rõ ràng – không gây phiền hà cho khách.Tư vấn tận tâm trước & sau khi muaHỗ trợ khách sử dụng đúng cách, an toàn và hiệu quả.Uy tín – trách nhiệm – bán hàng lâu dàiSự hài lòng của khách hàng là ưu tiên hàng đầu của shop.#chụptiểunam #dungcụđitiểu #dungcụhỗtrợđitiểu #capottiểunam #tiểutiệntạigiường #thiếtbịytế #hỗtrợbệnhnhân #dungcụchođibệnh #đitiệuchođànông #chămsócbệnhnhân #tiểuđứng #tiểunữ #tiểunamcaotuổi #dungcụytếgiáre #chămsócngườigià #giườngbệnh","https://cdn.shopify.com/s/files/1/0732/3703/7299/files/4e869ac03b8842b69d118b104d9dcfb8_tplv-aphluv4xwc-crop-webp_584_570.webp?v=1790132839","200","true","Product","false","false","false","23","3","Product snippet required property absent; long meta description"
"sitemap","product","https://demo-web-client.shop/products/dung-cu-ho-tro-ban-chan-ru-ban-chan-ru-trong-ru-ngoai-1734806020164191290","200","https://demo-web-client.shop/products/dung-cu-ho-tro-ban-chan-ru-ban-chan-ru-trong-ru-ngoai-1734806020164191290","false","","","https://demo-web-client.shop/products/dung-cu-ho-tro-ban-chan-ru-ban-chan-ru-trong-ru-ngoai-1734806020164191290","true","Dụng cụ hỗ trợ bàn chân rủ -  Bàn chân rũ trong, rũ ngoài | TOÀN TÂM","68","Tên Sản Phẩm:Nẹp Cố Định Bàn Chân Phục Hồi - Chỉnh Bàn Chân Lật Trong – Lật NgoàiMô Tả Sản Phẩm:Cố định cổ chân: Nẹp cố định cổ chân phục hồi giúp chỉnh sửa bàn chân lật trong hoặc lật ngoài.Phù hợp cho: Sản phẩm này phù hợp cho những ai cần chỉnh sửa bàn chân một cách hiệu quả.Thiết kế: Nẹp có thiết kế giúp cố định cổ chân, đảm bảo sự ổn định cho bàn chân. ️‍️Chỉnh sửa: Có thể chỉnh sửa cả bàn chân lật trong và lật ngoài, mang lại sự thoải mái cho người dùng.Ưu Điểm:Cải thiện tình trạng: Sử dụng nẹp này giúp cải thiện tình trạng bàn chân, mang lại sự tự tin khi di chuyển. ‍️Dễ sử dụng: Sản phẩm dễ sử dụng và phù hợp với nhiều đối tượng người dùng.Cam kết sản phẩm đúng mô tả – đúng hình ảnh 100%Shop nói không với hàng kém chất lượng, hàng trôi nổi.Đóng gói cẩn thận – giao hàng nhanh toàn quốcHạn chế tối đa móp méo, hư hỏng trong quá trình vận chuyển.Hỗ trợ đổi trả nếu sản phẩm lỗi do nhà sản xuấtXử lý nhanh chóng – rõ ràng – không gây phiền hà cho khách.Tư vấn tận tâm trước & sau khi muaHỗ trợ khách sử dụng đúng cách, an toàn và hiệu quả.Uy tín – trách nhiệm – bán hàng lâu dàiSự hài lòng của khách hàng là ưu tiên hàng đầu của shop.nepbanchan #nepchinhdang #nepchinhhinh #phuchoichucnang","1204","1","Dụng cụ hỗ trợ bàn chân rủ - Bàn chân rũ trong, rũ ngoài","2","10","632","22","0","0","200","Dụng cụ hỗ trợ bàn chân rủ -  Bàn chân rũ trong, rũ ngoài","Tên Sản Phẩm:Nẹp Cố Định Bàn Chân Phục Hồi - Chỉnh Bàn Chân Lật Trong – Lật NgoàiMô Tả Sản Phẩm:Cố định cổ chân: Nẹp cố định cổ chân phục hồi giúp chỉnh sửa bàn chân lật trong hoặc lật ngoài.Phù hợp cho: Sản phẩm này phù hợp cho những ai cần chỉnh sửa bàn chân một cách hiệu quả.Thiết kế: Nẹp có thiết kế giúp cố định cổ chân, đảm bảo sự ổn định cho bàn chân. ️‍️Chỉnh sửa: Có thể chỉnh sửa cả bàn chân lật trong và lật ngoài, mang lại sự thoải mái cho người dùng.Ưu Điểm:Cải thiện tình trạng: Sử dụng nẹp này giúp cải thiện tình trạng bàn chân, mang lại sự tự tin khi di chuyển. ‍️Dễ sử dụng: Sản phẩm dễ sử dụng và phù hợp với nhiều đối tượng người dùng.Cam kết sản phẩm đúng mô tả – đúng hình ảnh 100%Shop nói không với hàng kém chất lượng, hàng trôi nổi.Đóng gói cẩn thận – giao hàng nhanh toàn quốcHạn chế tối đa móp méo, hư hỏng trong quá trình vận chuyển.Hỗ trợ đổi trả nếu sản phẩm lỗi do nhà sản xuấtXử lý nhanh chóng – rõ ràng – không gây phiền hà cho khách.Tư vấn tận tâm trước & sau khi muaHỗ trợ khách sử dụng đúng cách, an toàn và hiệu quả.Uy tín – trách nhiệm – bán hàng lâu dàiSự hài lòng của khách hàng là ưu tiên hàng đầu của shop.nepbanchan #nepchinhdang #nepchinhhinh #phuchoichucnang","https://cdn.shopify.com/s/files/1/0732/3703/7299/files/54e9ed5386c442a9ad4a079e5c7dea67_tplv-aphluv4xwc-crop-webp_1000_1000.webp?v=1790132837","200","true","Product","false","false","false","23","4","Product snippet required property absent; long meta description"
"sitemap","product","https://demo-web-client.shop/products/rong-roc-tap-tay-tap-vai-tap-phuc-hoi-chuc-nang-sau-tai-bien-nguoi-au-co-vai-gay-1734807338862609466","200","https://demo-web-client.shop/products/rong-roc-tap-tay-tap-vai-tap-phuc-hoi-chuc-nang-sau-tai-bien-nguoi-au-co-vai-gay-1734807338862609466","false","","","https://demo-web-client.shop/products/rong-roc-tap-tay-tap-vai-tap-phuc-hoi-chuc-nang-sau-tai-bien-nguoi-au-co-vai-gay-1734807338862609466","true","Ròng rọc tập tay, tập vai tập phục hồi chức năng sau tai biến. Người đau cổ vai gáy | TOÀN TÂM","94","Dụng Cụ Tập Kéo Tay Phục Hồi Sau Tai Biến - Ròng Rọc Kéo Cơ Tay Cho Người Già, YếuMô Tả Sản Phẩm:• 2 tay nắm bằng nhựa• 01 sợi dây dù làm phương tiện kéo giữ,• 01 hệ thống móc treo tườngƯu điểm• Dụng cụ tập kéo tay là 1 phương tiện hỗ trợ cho những người tập phục hồi sau tai biến.• Dụng cụ tập kéo tay sau tai biến đã giúp ích rất nhiều cho người bệnh.• Có nhiều cách kéo để phục hồi tay mà chúng ta có thể áp dụng tập cho người bệnh hoặc tập theo phương pháp bệnh viện hay các trung tâm vật lý trị liệu đang áp dụng.• Người bệnh tự lấy tay nọ kéo tay kia một cách nhẹ nhàng thông qua hệ thống tay cầm và ròng rọc.• Tập kéo các hướng thẳng đứng, hoặc góc chéo… để phục hồi cơ tay.• Tập co, gập, duỗi cánh tay… bằng chính sức của mình một cách an toàn và hiệu quả.Quy cách:Ròng rọc tập vai và tay cho bệnh nhân tai biến : Có phần cố định treo bằng cao su nên rất dễ mắc. Nhờ sự hỗ trợ của ròng rọc, và dây sẽ giúp bệnh nhân phục hổi nhanh chóng. Mỗi lần tập luyện 2-3 lần mỗi lần 15-20 phút.CAM KẾT:SHOP cam kết hàng y ảnh, sai hoàn tiền 100% nên khách hàng cứ an tâm mua sắm tại shop.Sản phẩm được shop tuyển chọn kĩ lưỡng nên luôn đảm bảo về chất lượng, mẫu mã nhằm mang đến sự thỏa mãn, hài lòng nhất cho quý khách.Shop gửi hàng dựa theo phân loại đơn khách đặt về màu sắc, kích thước, mã hàng sẵn,… KHÁCH HÀNG VUI LÒNG CHỌN PHÂN LOẠI CHÍNH XÁC để tránh sai sót ngoài ý muốn.Hàng được đóng gói an toàn cẩn thận, trước khi đánh giá dưới 5 sao hãy liên hệ với shop trước để được hỗ trợ nhé!Giao hàng tận nơi toàn quốc, nhận hàng thu tiền, vận chuyển nhanh chóng, chất lượng đảm bảo#rongroctapphuchoichucnang#phuchoichucnang#tapvatlytrilieu#tapphuchoi#dungcutapluyen#vatlytrilieu","1679","1","Ròng rọc tập tay, tập vai tập phục hồi chức năng sau tai biến. Người đau cổ vai gáy","2","10","736","20","0","0","200","Ròng rọc tập tay, tập vai tập phục hồi chức năng sau tai biến. Người đau cổ vai gáy","Dụng Cụ Tập Kéo Tay Phục Hồi Sau Tai Biến - Ròng Rọc Kéo Cơ Tay Cho Người Già, YếuMô Tả Sản Phẩm:• 2 tay nắm bằng nhựa• 01 sợi dây dù làm phương tiện kéo giữ,• 01 hệ thống móc treo tườngƯu điểm• Dụng cụ tập kéo tay là 1 phương tiện hỗ trợ cho những người tập phục hồi sau tai biến.• Dụng cụ tập kéo tay sau tai biến đã giúp ích rất nhiều cho người bệnh.• Có nhiều cách kéo để phục hồi tay mà chúng ta có thể áp dụng tập cho người bệnh hoặc tập theo phương pháp bệnh viện hay các trung tâm vật lý trị liệu đang áp dụng.• Người bệnh tự lấy tay nọ kéo tay kia một cách nhẹ nhàng thông qua hệ thống tay cầm và ròng rọc.• Tập kéo các hướng thẳng đứng, hoặc góc chéo… để phục hồi cơ tay.• Tập co, gập, duỗi cánh tay… bằng chính sức của mình một cách an toàn và hiệu quả.Quy cách:Ròng rọc tập vai và tay cho bệnh nhân tai biến : Có phần cố định treo bằng cao su nên rất dễ mắc. Nhờ sự hỗ trợ của ròng rọc, và dây sẽ giúp bệnh nhân phục hổi nhanh chóng. Mỗi lần tập luyện 2-3 lần mỗi lần 15-20 phút.CAM KẾT:SHOP cam kết hàng y ảnh, sai hoàn tiền 100% nên khách hàng cứ an tâm mua sắm tại shop.Sản phẩm được shop tuyển chọn kĩ lưỡng nên luôn đảm bảo về chất lượng, mẫu mã nhằm mang đến sự thỏa mãn, hài lòng nhất cho quý khách.Shop gửi hàng dựa theo phân loại đơn khách đặt về màu sắc, kích thước, mã hàng sẵn,… KHÁCH HÀNG VUI LÒNG CHỌN PHÂN LOẠI CHÍNH XÁC để tránh sai sót ngoài ý muốn.Hàng được đóng gói an toàn cẩn thận, trước khi đánh giá dưới 5 sao hãy liên hệ với shop trước để được hỗ trợ nhé!Giao hàng tận nơi toàn quốc, nhận hàng thu tiền, vận chuyển nhanh chóng, chất lượng đảm bảo#rongroctapphuchoichucnang#phuchoichucnang#tapvatlytrilieu#tapphuchoi#dungcutapluyen#vatlytrilieu","https://cdn.shopify.com/s/files/1/0732/3703/7299/files/f54bbc11187942479b5c7aa20e9b94a4_tplv-aphluv4xwc-crop-webp_584_570.webp?v=1790134019","200","true","Product","false","false","false","23","4","Product snippet required property absent; long meta description"
"sitemap","product","https://demo-web-client.shop/products/khung-tro-luc-khop-goi-giam-ap-luc-giup-van-ong-de-dang-hon-1734790558794351674","200","https://demo-web-client.shop/products/khung-tro-luc-khop-goi-giam-ap-luc-giup-van-ong-de-dang-hon-1734790558794351674","false","","","https://demo-web-client.shop/products/khung-tro-luc-khop-goi-giam-ap-luc-giup-van-ong-de-dang-hon-1734790558794351674","true","Khung Trợ Lực Khớp Gối Giảm Áp Lực Giúp Vận Động Dễ Dàng Hơn | TOÀN TÂM","71","Mô Tả Sản Phẩm- Giúp người sử dụng cảm thấy nhẹ nhàng. việc nhấc đầu gối và thực hiện hoạt động thường nhật Dễ dàng hơn. Sản phẩm bọc xung quanh khớp gối sẽ cung cấp cho bạn sự hỗ trợ hoàn hảo tại các vị trí cần chú ý, giải tỏa cơn đau từ Viêm/Thấp khớp, đứt dây chằng,Gút, bảo vệ bạn khỏi các trấn thương khi hoạt động.️- SỨC NÂNG MẠNH MẼ - Tấm trợ lực của sản phẩm có thể tải tới 20kg mỗi bên - Giúp bạn giải tỏa tới 40kg cân nặng đè lên khớp gối, giúp bạn bê vác, nâng vật nặng một cách dễ dàng.️- ĐA DỤNG - Sản phẩm là sự lựa chọn tuyệt vời cho nhiều môn thể thao như Leo Núi, Đạp Xe, Golf, Cầu Lông, Tập Thể Hình và hơn thế nữa️- NGƯỜI BẠN TRONG CÔNG VIỆC - Những tấm trợ lực hỗ trợ chân, hông và bắp chân này có thể cùng bạn làm việc tại mọi môi trường làm việc.️- CHẤT LIỆU CAO CẤP - Siêu bền bỉ và nhẹ với sự dẻo dai mà mạnh mẽ đến từ công nghệ lò xo được chế tạo đặc biệt, cung cấp sức nâng lên tới 40kg, đai cố định dễ dàng và có thể đeo trong hoặc ngoài quần áo.-️ CHẤT VẢI SIÊU THÔNG THOÁNG - Cho bạn sự thoải mái dù là đeo sản phẩm qua lớp quần áo hay trực tiếp tại khớp gối.CÔNG DỤNG CỦA SẢN PHẨM• Hỗ trợ điều khiển khớp gối.• Hỗ trợ thực hiện việc Cúi, Đứng dễ dàng.• Giảm áp lực lên các dây chằng tại chân và bắp chân• Thiết kế thông thoáng, tăng sự thoải mái hơn so với các sản phẩm khác• Giảm thiểu cơn đau và nguy cơ trấn thương lên quan đến khớp gốiCAM KẾT:SHOP cam kết hàng y ảnh, sai hoàn tiền 100% nên khách hàng cứ an tâm mua sắm tại shop.Sản phẩm được shop tuyển chọn kĩ lưỡng nên luôn đảm bảo về chất lượng, mẫu mã nhằm mang đến sự thỏa mãn, hài lòng nhất cho quý khách.Shop gửi hàng dựa theo phân loại đơn khách đặt về màu sắc, kích thước, mã hàng sẵn,… KHÁCH HÀNG VUI LÒNG CHỌN PHÂN LOẠI CHÍNH XÁC để tránh sai sót ngoài ý muốn.Hàng được đóng gói an toàn cẩn thận, trước khi đánh giá dưới 5 sao hãy liên hệ với shop trước để được hỗ trợ nhé!Giao hàng tận nơi toàn quốc, nhận hàng thu tiền, vận chuyển nhanh chóng, chất lượng đảm bảo#troluckhopgoi#hotrokhopgoi#daubaokhopgoi#daudaugoi#thoaihoakhopgoi#khopgoi#baovekhopgoi","2048","1","Khung Trợ Lực Khớp Gối Giảm Áp Lực Giúp Vận Động Dễ Dàng Hơn","2","10","799","18","0","0","200","Khung Trợ Lực Khớp Gối Giảm Áp Lực Giúp Vận Động Dễ Dàng Hơn","Mô Tả Sản Phẩm- Giúp người sử dụng cảm thấy nhẹ nhàng. việc nhấc đầu gối và thực hiện hoạt động thường nhật Dễ dàng hơn. Sản phẩm bọc xung quanh khớp gối sẽ cung cấp cho bạn sự hỗ trợ hoàn hảo tại các vị trí cần chú ý, giải tỏa cơn đau từ Viêm/Thấp khớp, đứt dây chằng,Gút, bảo vệ bạn khỏi các trấn thương khi hoạt động.️- SỨC NÂNG MẠNH MẼ - Tấm trợ lực của sản phẩm có thể tải tới 20kg mỗi bên - Giúp bạn giải tỏa tới 40kg cân nặng đè lên khớp gối, giúp bạn bê vác, nâng vật nặng một cách dễ dàng.️- ĐA DỤNG - Sản phẩm là sự lựa chọn tuyệt vời cho nhiều môn thể thao như Leo Núi, Đạp Xe, Golf, Cầu Lông, Tập Thể Hình và hơn thế nữa️- NGƯỜI BẠN TRONG CÔNG VIỆC - Những tấm trợ lực hỗ trợ chân, hông và bắp chân này có thể cùng bạn làm việc tại mọi môi trường làm việc.️- CHẤT LIỆU CAO CẤP - Siêu bền bỉ và nhẹ với sự dẻo dai mà mạnh mẽ đến từ công nghệ lò xo được chế tạo đặc biệt, cung cấp sức nâng lên tới 40kg, đai cố định dễ dàng và có thể đeo trong hoặc ngoài quần áo.-️ CHẤT VẢI SIÊU THÔNG THOÁNG - Cho bạn sự thoải mái dù là đeo sản phẩm qua lớp quần áo hay trực tiếp tại khớp gối.CÔNG DỤNG CỦA SẢN PHẨM• Hỗ trợ điều khiển khớp gối.• Hỗ trợ thực hiện việc Cúi, Đứng dễ dàng.• Giảm áp lực lên các dây chằng tại chân và bắp chân• Thiết kế thông thoáng, tăng sự thoải mái hơn so với các sản phẩm khác• Giảm thiểu cơn đau và nguy cơ trấn thương lên quan đến khớp gốiCAM KẾT:SHOP cam kết hàng y ảnh, sai hoàn tiền 100% nên khách hàng cứ an tâm mua sắm tại shop.Sản phẩm được shop tuyển chọn kĩ lưỡng nên luôn đảm bảo về chất lượng, mẫu mã nhằm mang đến sự thỏa mãn, hài lòng nhất cho quý khách.Shop gửi hàng dựa theo phân loại đơn khách đặt về màu sắc, kích thước, mã hàng sẵn,… KHÁCH HÀNG VUI LÒNG CHỌN PHÂN LOẠI CHÍNH XÁC để tránh sai sót ngoài ý muốn.Hàng được đóng gói an toàn cẩn thận, trước khi đánh giá dưới 5 sao hãy liên hệ với shop trước để được hỗ trợ nhé!Giao hàng tận nơi toàn quốc, nhận hàng thu tiền, vận chuyển nhanh chóng, chất lượng đảm bảo#troluckhopgoi#hotrokhopgoi#daubaokhopgoi#daudaugoi#thoaihoakhopgoi#khopgoi#baovekhopgoi","https://cdn.shopify.com/s/files/1/0732/3703/7299/files/31c2a3881fae417b8a83d103810c9d92_tplv-aphluv4xwc-crop-webp_584_570.webp?v=1790132834","200","true","Product","false","false","false","23","5","Product snippet required property absent; long meta description"
"sitemap","product","https://demo-web-client.shop/products/day-khang-luc-tap-gym-tap-xa-on-bung-tay-chan-mong-day-cao-su-an-hoi-phu-kien-a-1736590450465997882","200","https://demo-web-client.shop/products/day-khang-luc-tap-gym-tap-xa-on-bung-tay-chan-mong-day-cao-su-an-hoi-phu-kien-a-1736590450465997882","false","","","https://demo-web-client.shop/products/day-khang-luc-tap-gym-tap-xa-on-bung-tay-chan-mong-day-cao-su-an-hoi-phu-kien-a-1736590450465997882","true","Dây kháng lực tập gym  tập xà đơn bụng tay chân mông dây cao su  đàn hồi phụ kiện đa năng DKLDAI | TOÀN TÂM","107","Cao su thiên nhiên, thích hợp để tập yoga, tập thể hình trong các phòng tập chuyên nghiệp để rèn luyện cơ bắp, duy trì khả năng thăng bằng và phối hợp, cải thiện dây chằng và sự dẻo dai của cơ thể, giúp vận động toàn thân, thích hợp tập luyện giải trí trong nhà.Tập bụng, tay, chân và lưng để làm săn chắc bụng. Giữ cho thân hình được thon thả và vòng hông thon gọn. Phát triển vai và lưng của bạn khi yoga và pilates. Có thể cải thiện phạm vi chuyển động và tính linh hoạt của tư thế ổn định và kiểm soát việc kéo dài khoảng cách, cải thiện hiệu quả các bài tập thể dục tạo hình một đường cong cơ thể hoàn hảo, là cách tốt nhất để tập yoga và các phụ kiện tập pilate.Bạn có thể tăng niềm vui khi tập thể dục và thay đổi cách tập thể dục để có vóc dáng đẹp hơn.Chi tiết sản phẩm:Tên sản phẩm: Dây kháng lực bằng CAO SUChất liệu: TPE*Gói hàng bao gồm: Một sợi dây kháng lực co giãnƯu điểm: thích hợp để tập thể dục, tập thể hình, tập cơ bắpNơi sử dụng: Văn phòng, nhà riêng, phòng gymLưu ý: Do khác biệt trong ánh sáng và màn hình, màu sắc của sản phẩm có thể hơi khác so với hình ảnh. Vui lòng thông cảm. Xin vui lòng cho phép một vài sai số do đo lường thủ công.","1163","1","Dây kháng lực tập gym tập xà đơn bụng tay chân mông dây cao su đàn hồi phụ kiện đa năng DKLDAI","2","10","619","20","0","0","200","Dây kháng lực tập gym  tập xà đơn bụng tay chân mông dây cao su  đàn hồi phụ kiện đa năng DKLDAI","Cao su thiên nhiên, thích hợp để tập yoga, tập thể hình trong các phòng tập chuyên nghiệp để rèn luyện cơ bắp, duy trì khả năng thăng bằng và phối hợp, cải thiện dây chằng và sự dẻo dai của cơ thể, giúp vận động toàn thân, thích hợp tập luyện giải trí trong nhà.Tập bụng, tay, chân và lưng để làm săn chắc bụng. Giữ cho thân hình được thon thả và vòng hông thon gọn. Phát triển vai và lưng của bạn khi yoga và pilates. Có thể cải thiện phạm vi chuyển động và tính linh hoạt của tư thế ổn định và kiểm soát việc kéo dài khoảng cách, cải thiện hiệu quả các bài tập thể dục tạo hình một đường cong cơ thể hoàn hảo, là cách tốt nhất để tập yoga và các phụ kiện tập pilate.Bạn có thể tăng niềm vui khi tập thể dục và thay đổi cách tập thể dục để có vóc dáng đẹp hơn.Chi tiết sản phẩm:Tên sản phẩm: Dây kháng lực bằng CAO SUChất liệu: TPE*Gói hàng bao gồm: Một sợi dây kháng lực co giãnƯu điểm: thích hợp để tập thể dục, tập thể hình, tập cơ bắpNơi sử dụng: Văn phòng, nhà riêng, phòng gymLưu ý: Do khác biệt trong ánh sáng và màn hình, màu sắc của sản phẩm có thể hơi khác so với hình ảnh. Vui lòng thông cảm. Xin vui lòng cho phép một vài sai số do đo lường thủ công.","https://cdn.shopify.com/s/files/1/0732/3703/7299/files/72e91337c85b4e1181b0f16956959b8f_tplv-aphluv4xwc-crop-webp_1254_1254.webp?v=1790132832","200","true","Product","false","false","false","23","5","Product snippet required property absent; long meta description"
"sitemap","product","https://demo-web-client.shop/products/day-tap-khang-luc-phuc-hoi-chu-nang-tang-suc-manh-dklrep-1736589967238726714","200","https://demo-web-client.shop/products/day-tap-khang-luc-phuc-hoi-chu-nang-tang-suc-manh-dklrep-1736589967238726714","false","","","https://demo-web-client.shop/products/day-tap-khang-luc-phuc-hoi-chu-nang-tang-suc-manh-dklrep-1736589967238726714","true","Dây tập kháng lực, phục hồi chứ năng, tăng sức mạnh DKLREP | TOÀN TÂM","69","Cao su thiên nhiên, thích hợp để tập yoga, tập thể hình trong các phòng tập chuyên nghiệp để rèn luyện cơ bắp, duy trì khả năng thăng bằng và phối hợp, cải thiện dây chằng và sự dẻo dai của cơ thể, giúp vận động toàn thân, thích hợp tập luyện giải trí trong nhà.Tập bụng, tay, chân và lưng để làm săn chắc bụng. Giữ cho thân hình được thon thả và vòng hông thon gọn. Phát triển vai và lưng của bạn khi yoga và pilates. Có thể cải thiện phạm vi chuyển động và tính linh hoạt của tư thế ổn định và kiểm soát việc kéo dài khoảng cách, cải thiện hiệu quả các bài tập thể dục tạo hình một đường cong cơ thể hoàn hảo, là cách tốt nhất để tập yoga và các phụ kiện tập pilate.Bạn có thể tăng niềm vui khi tập thể dục và thay đổi cách tập thể dục để có vóc dáng đẹp hơn.Chi tiết sản phẩm:Tên sản phẩm: Dây kháng lực bằng CAO SUChất liệu: TPEMàu sắc: Xanh lá, xanh dương, vàng, đỏ, đenKích thước và Độ bền khi kéo:-Màu xanh lá cây (chu vi 600 * chiều rộng 50 * độ dày 0.35 mm) 10 LBS~ 4kg-màu xanh dương (600 * 50 * 0.5mm) 15 LBS~ 5- 6.5kg-màu vàng (600 * 50 * 0.7mm) 25 LBS~10-11kg-màu đỏ (600 * 50 * 0.9mm) 35 LBS ~13-15kg-màu đen (600 * 50 * 1.1mm) 45 LB` 18-20kg*Gói hàng bao gồm: Một sợi dây kháng lực co giãnƯu điểm: thích hợp để tập thể dục, tập thể hình, tập cơ bắpNơi sử dụng: Văn phòng, nhà riêng, phòng gymLưu ý: Do khác biệt trong ánh sáng và màn hình, màu sắc của sản phẩm có thể hơi khác so với hình ảnh. Vui lòng thông cảm. Xin vui lòng cho phép một vài sai số do đo lường thủ công.","1487","1","Dây tập kháng lực, phục hồi chứ năng, tăng sức mạnh DKLREP","2","10","687","25","0","0","200","Dây tập kháng lực, phục hồi chứ năng, tăng sức mạnh DKLREP","Cao su thiên nhiên, thích hợp để tập yoga, tập thể hình trong các phòng tập chuyên nghiệp để rèn luyện cơ bắp, duy trì khả năng thăng bằng và phối hợp, cải thiện dây chằng và sự dẻo dai của cơ thể, giúp vận động toàn thân, thích hợp tập luyện giải trí trong nhà.Tập bụng, tay, chân và lưng để làm săn chắc bụng. Giữ cho thân hình được thon thả và vòng hông thon gọn. Phát triển vai và lưng của bạn khi yoga và pilates. Có thể cải thiện phạm vi chuyển động và tính linh hoạt của tư thế ổn định và kiểm soát việc kéo dài khoảng cách, cải thiện hiệu quả các bài tập thể dục tạo hình một đường cong cơ thể hoàn hảo, là cách tốt nhất để tập yoga và các phụ kiện tập pilate.Bạn có thể tăng niềm vui khi tập thể dục và thay đổi cách tập thể dục để có vóc dáng đẹp hơn.Chi tiết sản phẩm:Tên sản phẩm: Dây kháng lực bằng CAO SUChất liệu: TPEMàu sắc: Xanh lá, xanh dương, vàng, đỏ, đenKích thước và Độ bền khi kéo:-Màu xanh lá cây (chu vi 600 * chiều rộng 50 * độ dày 0.35 mm) 10 LBS~ 4kg-màu xanh dương (600 * 50 * 0.5mm) 15 LBS~ 5- 6.5kg-màu vàng (600 * 50 * 0.7mm) 25 LBS~10-11kg-màu đỏ (600 * 50 * 0.9mm) 35 LBS ~13-15kg-màu đen (600 * 50 * 1.1mm) 45 LB` 18-20kg*Gói hàng bao gồm: Một sợi dây kháng lực co giãnƯu điểm: thích hợp để tập thể dục, tập thể hình, tập cơ bắpNơi sử dụng: Văn phòng, nhà riêng, phòng gymLưu ý: Do khác biệt trong ánh sáng và màn hình, màu sắc của sản phẩm có thể hơi khác so với hình ảnh. Vui lòng thông cảm. Xin vui lòng cho phép một vài sai số do đo lường thủ công.","https://cdn.shopify.com/s/files/1/0732/3703/7299/files/ac418df7d4734beb9085e594ccab272e_tplv-aphluv4xwc-crop-webp_1254_1254.webp?v=1790132830","200","true","Product","false","false","false","23","4","Product snippet required property absent; long meta description"
"sitemap","product","https://demo-web-client.shop/products/day-ai-keo-gian-co-chan-va-phuc-hoi-chuc-nang-cho-nguoi-tai-bien-1736538930830017594","200","https://demo-web-client.shop/products/day-ai-keo-gian-co-chan-va-phuc-hoi-chuc-nang-cho-nguoi-tai-bien-1736538930830017594","false","","","https://demo-web-client.shop/products/day-ai-keo-gian-co-chan-va-phuc-hoi-chuc-nang-cho-nguoi-tai-bien-1736538930830017594","true","Dây Đai Kéo Giãn Cơ Chân Và Phục Hồi Chức Năng Cho Người Tai Biến | TOÀN TÂM","76","Dây Đai Kéo Giãn Cơ Chân Và Phục Hồi Chức Năng Cho Người Tai BiếnMô Tả Sản Phẩm- Chất liệu chính: Nylon, cao su tổng hợp- Màu sắc: Đen- Số lượng đóng gói: 1 dây - Kích cỡ: 145cm x 14cmƯu điểm- Hỗ trợ kéo giãn: Thiết kế cấu trúc tiện dụng của cáng bắp chân với nhiều vòng mang lại các mức độ giãn khác nhau, dễ cầm nắm khi tập thể dục, dây đeo khóa dán đôi sẽ giúp nó cố định tại chỗ và không bị di chuyển.- Giảm đau hiệu quả: Dây đeo kéo chân yoga giúp cải thiện lưu thông máu bằng cách kéo căng các gân chân và cơ chân, hỗ trợ điều trị viêm gân chân, sưng bàn chân, gai gót chân, căng cơ bắp chân, đùi, hông và lưng dưới.- Thiết kế giá đỡ tiện dụng và thoải mái: Dây đeo hỗ trợ viêm cân gan chân được làm bằng một lớp nylon bền và một lớp vải chắc chắn sáu vòng. Nó có thể được áp dụng cho hai hướng để phù hợp với các vị trí duỗi khác nhau, duỗi vòm bàn chân, cơ tứ đầu, v.v..- Đa dụng: Dây đeo mắt cá chân này là một dụng cụ tập luyện lý tưởng dành cho các vận động viên, vũ công, nhà vật lý trị liệu và bệnh nhân đã hồi phục. Kéo giãn thường xuyên giúp cải thiện sức mạnh và tính linh hoạt của bàn chân, gót chân và gân kheo, ngăn ngừa căng thẳng và chấn thương.- Thoải mái & Chất lượng cao: Các dải kéo dài được làm bằng cao su tổng hợp và nylon cao cấp linh hoạt và chắc chắn với đường khâu nghiêm ngặt để mang lại hiệu quả chất lượng và độ bền.","1351","1","Dây Đai Kéo Giãn Cơ Chân Và Phục Hồi Chức Năng Cho Người Tai Biến","2","10","656","17","0","0","200","Dây Đai Kéo Giãn Cơ Chân Và Phục Hồi Chức Năng Cho Người Tai Biến","Dây Đai Kéo Giãn Cơ Chân Và Phục Hồi Chức Năng Cho Người Tai BiếnMô Tả Sản Phẩm- Chất liệu chính: Nylon, cao su tổng hợp- Màu sắc: Đen- Số lượng đóng gói: 1 dây - Kích cỡ: 145cm x 14cmƯu điểm- Hỗ trợ kéo giãn: Thiết kế cấu trúc tiện dụng của cáng bắp chân với nhiều vòng mang lại các mức độ giãn khác nhau, dễ cầm nắm khi tập thể dục, dây đeo khóa dán đôi sẽ giúp nó cố định tại chỗ và không bị di chuyển.- Giảm đau hiệu quả: Dây đeo kéo chân yoga giúp cải thiện lưu thông máu bằng cách kéo căng các gân chân và cơ chân, hỗ trợ điều trị viêm gân chân, sưng bàn chân, gai gót chân, căng cơ bắp chân, đùi, hông và lưng dưới.- Thiết kế giá đỡ tiện dụng và thoải mái: Dây đeo hỗ trợ viêm cân gan chân được làm bằng một lớp nylon bền và một lớp vải chắc chắn sáu vòng. Nó có thể được áp dụng cho hai hướng để phù hợp với các vị trí duỗi khác nhau, duỗi vòm bàn chân, cơ tứ đầu, v.v..- Đa dụng: Dây đeo mắt cá chân này là một dụng cụ tập luyện lý tưởng dành cho các vận động viên, vũ công, nhà vật lý trị liệu và bệnh nhân đã hồi phục. Kéo giãn thường xuyên giúp cải thiện sức mạnh và tính linh hoạt của bàn chân, gót chân và gân kheo, ngăn ngừa căng thẳng và chấn thương.- Thoải mái & Chất lượng cao: Các dải kéo dài được làm bằng cao su tổng hợp và nylon cao cấp linh hoạt và chắc chắn với đường khâu nghiêm ngặt để mang lại hiệu quả chất lượng và độ bền.","https://cdn.shopify.com/s/files/1/0732/3703/7299/files/91dc335695c54aedb72372680042ff75_tplv-aphluv4xwc-crop-webp_1370_1148.webp?v=1790132828","200","true","Product","false","false","false","23","5","Product snippet required property absent; long meta description"
"sitemap","product","https://demo-web-client.shop/products/tui-ung-nuoc-tieu-dung-cu-i-tieu-thiet-bi-pheu-tui-ung-nuoc-cho-benh-nhan-gia-li-1736541938703434810","200","https://demo-web-client.shop/products/tui-ung-nuoc-tieu-dung-cu-i-tieu-thiet-bi-pheu-tui-ung-nuoc-cho-benh-nhan-gia-li-1736541938703434810","false","","","https://demo-web-client.shop/products/tui-ung-nuoc-tieu-dung-cu-i-tieu-thiet-bi-pheu-tui-ung-nuoc-cho-benh-nhan-gia-li-1736541938703434810","true","Túi đựng nước tiểu , Dụng cụ đi tiểu Thiết bị Phễu Túi đựng nước cho bệnh nhân già liệt giường 1000ml , 2000ml | TOÀN TÂM","121","Mô Tả Sản Phẩm:- Bộ dụng cụ hỗ trợ bệnh nhân đi tiểu với 2 bộ phận, phần capot được làm từ silicon mềm và phù hợp cho da, phần vải được may bằng vải cotton và đưuọc thiết kế rất tiện ích và thoáng mát - Chụp Tiểu Được làm từ silicon an toàn với da người bệnh- Dây đai cố định chắc chắn tùy chỉnh theo kích cỡ phù hợp với bệnh nhân- Các đầu nối chắc chắn đảm bảo không bị dò nước tiểu ra ngoài- Dễ dàng tháo giặt và thiết kế phù hợp, sử dụng đơn giản và thuận tiện.- Có thể tháo rời, rửa sạch và thay thế cho nhiều mục đích sử dụng, đáp ứng các nhu cầu khác nhau.- Thiết kế ngăn Dòng Chảy Ngược được thiết kế cẩn thận, nằm bên cũng có thể đảm bảo không có rò rỉ nước tiểu, thoải mái, thuận tiện để sử dụng cho người cao tuổi, người bệnh nằm liệt giường.- Tái Sử Dụng Được Nhiều Lần.- Thích hợp cho người già, yếu, ốm và khuyết tật, gãy xương, liệt, đi tiểu thường xuyên, đi tiểu khẩn cấp, mất kiểm soát tiểu tiện, nhầm lẫn tinh thần, không thể tự chăm sóc bản thân và các bệnh nhân khác. Sản phẩm được làm bằng mủ cao su chất lượng cao, polyme Và các vật liệu khác. Thiết kế khoa học, dễ sử dụng (nên mua 2 bộ sử dụng xen kẽ, dễ vệ sinh)- HƯỚNG DẪN SỬ DỤNG:1. Xả túi nước tiểu bằng nhựa với nước hoặc không khí trước để tránh bám dính của túi nước tiểu bằng nhựa, nếu ống thông nhựa làm phẳng, có thể sử dụng với nước ấm để giải quyết vấn đề.2. Buộc dây đai cố định đàn hồi vào eo và nhắm lỗ thủng ở rãnh túi nước tiểu.3. Hai túi dài được tách rời từ giữa rễ của chân sang trái và phải, và kết nối với hai đai ngắn ở phía sau. Mở công tắc xả trên túi nước tiểu bằng nhựa và treo túi nước tiểu bằng nhựa trên đầu giường và bạn có thể sử dụng nó.- Lưu Ý:1. Tiếp xúc chặt chẽ với nước tiểu với lỗ mở của túi thông gió để tránh rò rỉ nước tiểu.2. Túi thông hơi được kết nối chặt chẽ với ống thông nhựa.3. Bất kể ở mọi vị trí nào, ống thông nhựa phải thấp hơn vị trí của túi thông gió, tránh bị méo túi thông.4. Sử dụng lâu dài, bộ sưu tập nước tiểu và nơi tiếp xúc với da để giữ khô và làm sạch.- Sản Phẩm Bộ Chụp Tiểu Nam Bao Gồm:+ Túi Đựng Nước Tiểu: 1 cái+ Dây Dẫn Nước Tiểu+ Chụp Tiểu 100%silicon+Quần và Dây Đai Vải Cổ định Capot chụp tiểuCAM KẾT:SHOP cam kết hàng y ảnh, sai hoàn tiền 100% nên khách hàng cứ an tâm mua sắm tại shop. Sản phẩm được shop tuyển chọn kĩ lưỡng nên luôn đảm bảo về chất lượng, mẫu mã nhằm mang đến sự thỏa mãn, hài lòng nhất cho quý khách. Shop gửi hàng dựa theo phân loại đơn khách đặt về màu sắc, kích thước, mã hàng sẵn,…KHÁCH HÀNG VUI LÒNG CHỌN PHÂN LOẠI CHÍNH XÁC để tránh sai sót ngoài ý muốn. Hàng được đóng gói an toàn cẩn thận, trước khi đánh giá dưới 5 sao hãy liên hệ với shop trước để được hỗ trợ nhé! Giao hàng tận nơi toàn quốc, nhận hàng thu tiền, vận chuyển nhanh chóng, chất lượng đảm bảo","2733","1","Túi đựng nước tiểu , Dụng cụ đi tiểu Thiết bị Phễu Túi đựng nước cho bệnh nhân già liệt giường 1000ml , 2000ml","2","10","1003","17","0","0","200","Túi đựng nước tiểu , Dụng cụ đi tiểu Thiết bị Phễu Túi đựng nước cho bệnh nhân già liệt giường 1000ml , 2000ml","Mô Tả Sản Phẩm:- Bộ dụng cụ hỗ trợ bệnh nhân đi tiểu với 2 bộ phận, phần capot được làm từ silicon mềm và phù hợp cho da, phần vải được may bằng vải cotton và đưuọc thiết kế rất tiện ích và thoáng mát - Chụp Tiểu Được làm từ silicon an toàn với da người bệnh- Dây đai cố định chắc chắn tùy chỉnh theo kích cỡ phù hợp với bệnh nhân- Các đầu nối chắc chắn đảm bảo không bị dò nước tiểu ra ngoài- Dễ dàng tháo giặt và thiết kế phù hợp, sử dụng đơn giản và thuận tiện.- Có thể tháo rời, rửa sạch và thay thế cho nhiều mục đích sử dụng, đáp ứng các nhu cầu khác nhau.- Thiết kế ngăn Dòng Chảy Ngược được thiết kế cẩn thận, nằm bên cũng có thể đảm bảo không có rò rỉ nước tiểu, thoải mái, thuận tiện để sử dụng cho người cao tuổi, người bệnh nằm liệt giường.- Tái Sử Dụng Được Nhiều Lần.- Thích hợp cho người già, yếu, ốm và khuyết tật, gãy xương, liệt, đi tiểu thường xuyên, đi tiểu khẩn cấp, mất kiểm soát tiểu tiện, nhầm lẫn tinh thần, không thể tự chăm sóc bản thân và các bệnh nhân khác. Sản phẩm được làm bằng mủ cao su chất lượng cao, polyme Và các vật liệu khác. Thiết kế khoa học, dễ sử dụng (nên mua 2 bộ sử dụng xen kẽ, dễ vệ sinh)- HƯỚNG DẪN SỬ DỤNG:1. Xả túi nước tiểu bằng nhựa với nước hoặc không khí trước để tránh bám dính của túi nước tiểu bằng nhựa, nếu ống thông nhựa làm phẳng, có thể sử dụng với nước ấm để giải quyết vấn đề.2. Buộc dây đai cố định đàn hồi vào eo và nhắm lỗ thủng ở rãnh túi nước tiểu.3. Hai túi dài được tách rời từ giữa rễ của chân sang trái và phải, và kết nối với hai đai ngắn ở phía sau. Mở công tắc xả trên túi nước tiểu bằng nhựa và treo túi nước tiểu bằng nhựa trên đầu giường và bạn có thể sử dụng nó.- Lưu Ý:1. Tiếp xúc chặt chẽ với nước tiểu với lỗ mở của túi thông gió để tránh rò rỉ nước tiểu.2. Túi thông hơi được kết nối chặt chẽ với ống thông nhựa.3. Bất kể ở mọi vị trí nào, ống thông nhựa phải thấp hơn vị trí của túi thông gió, tránh bị méo túi thông.4. Sử dụng lâu dài, bộ sưu tập nước tiểu và nơi tiếp xúc với da để giữ khô và làm sạch.- Sản Phẩm Bộ Chụp Tiểu Nam Bao Gồm:+ Túi Đựng Nước Tiểu: 1 cái+ Dây Dẫn Nước Tiểu+ Chụp Tiểu 100%silicon+Quần và Dây Đai Vải Cổ định Capot chụp tiểuCAM KẾT:SHOP cam kết hàng y ảnh, sai hoàn tiền 100% nên khách hàng cứ an tâm mua sắm tại shop. Sản phẩm được shop tuyển chọn kĩ lưỡng nên luôn đảm bảo về chất lượng, mẫu mã nhằm mang đến sự thỏa mãn, hài lòng nhất cho quý khách. Shop gửi hàng dựa theo phân loại đơn khách đặt về màu sắc, kích thước, mã hàng sẵn,…KHÁCH HÀNG VUI LÒNG CHỌN PHÂN LOẠI CHÍNH XÁC để tránh sai sót ngoài ý muốn. Hàng được đóng gói an toàn cẩn thận, trước khi đánh giá dưới 5 sao hãy liên hệ với shop trước để được hỗ trợ nhé! Giao hàng tận nơi toàn quốc, nhận hàng thu tiền, vận chuyển nhanh chóng, chất lượng đảm bảo","https://cdn.shopify.com/s/files/1/0732/3703/7299/files/b33960d5658b4718a293825008a18dc1_tplv-aphluv4xwc-crop-webp_1254_1254.webp?v=1790131566","200","true","Product","false","false","false","23","4","Product snippet required property absent; long meta description"
"sitemap","product","https://demo-web-client.shop/products/bong-gai-tap-tay-tap-phuc-hoi-chuc-nang-ban-tay-1735155256187126842","200","https://demo-web-client.shop/products/bong-gai-tap-tay-tap-phuc-hoi-chuc-nang-ban-tay-1735155256187126842","false","","","https://demo-web-client.shop/products/bong-gai-tap-tay-tap-phuc-hoi-chuc-nang-ban-tay-1735155256187126842","true","Bóng gai tập tay tập phục hồi chức năng bàn tay | TOÀN TÂM","58","BÓNG GAI TẬP TAY PHỤC HỒI CHỨC NĂNG – NHỎ GỌN, DỄ DÙNG, HIỆU QUẢ RÕ RỆTBạn đang gặp tình trạng tê tay, cứng khớp, yếu lực bóp?Hay cần tập phục hồi sau chấn thương, tai biến?Giải pháp đơn giản ngay tại nhà: Bóng gai tập tay trị liệuĐIỂM NỔI BẬT:️ Chất liệu PU mềm, đàn hồi tốt – bóp êm tay, không đau️ Thiết kế gai massage giúp kích thích lưu thông máu️ Tăng độ linh hoạt cho ngón tay, cổ tay️ 2 mức lực: 10LB (4.5kg) – 20LB (9kg) phù hợp mọi đối tượngPHÙ HỢP CHO:Người tập phục hồi chức năng sau tai biến Người lớn tuổi – tê tay, cứng khớp, khó vận động Dân văn phòng – dùng máy tính nhiều, đau cổ tay, mỏi tay Người tập gym, chơi thể thao – cần phục hồi cơ tay Người chơi nhạc cụ – cần tăng độ linh hoạt ngón tay️ Chỉ cần 10–15 phút mỗi ngày Giúp tay linh hoạt hơn – giảm đau mỏi rõ rệtLưu ý: Sản phẩm thiên về phục hồi & thư giãn, không dùng để tập lực nặngNhỏ gọn – tiện lợi – tập mọi lúc mọi nơiGiao hàng toàn quốc – nhận hàng kiểm tra Cam kết sản phẩm đúng mô tả – lỗi hoàn tiềnBấm đặt hàng ngay để chăm sóc đôi tay của bạn & gia đình!#bonggaitaptay#phuchoichucnang#tapvatlytrilieu#taptaytaichon#dungcutapyte#tetay#daumoitay#danvanphong#nguoidotuoi#tapluctay#chamsocsuckhoe#thietbiytetoantam","1196","1","Bóng gai tập tay tập phục hồi chức năng bàn tay","2","10","603","23","0","0","200","Bóng gai tập tay tập phục hồi chức năng bàn tay","BÓNG GAI TẬP TAY PHỤC HỒI CHỨC NĂNG – NHỎ GỌN, DỄ DÙNG, HIỆU QUẢ RÕ RỆTBạn đang gặp tình trạng tê tay, cứng khớp, yếu lực bóp?Hay cần tập phục hồi sau chấn thương, tai biến?Giải pháp đơn giản ngay tại nhà: Bóng gai tập tay trị liệuĐIỂM NỔI BẬT:️ Chất liệu PU mềm, đàn hồi tốt – bóp êm tay, không đau️ Thiết kế gai massage giúp kích thích lưu thông máu️ Tăng độ linh hoạt cho ngón tay, cổ tay️ 2 mức lực: 10LB (4.5kg) – 20LB (9kg) phù hợp mọi đối tượngPHÙ HỢP CHO:Người tập phục hồi chức năng sau tai biến Người lớn tuổi – tê tay, cứng khớp, khó vận động Dân văn phòng – dùng máy tính nhiều, đau cổ tay, mỏi tay Người tập gym, chơi thể thao – cần phục hồi cơ tay Người chơi nhạc cụ – cần tăng độ linh hoạt ngón tay️ Chỉ cần 10–15 phút mỗi ngày Giúp tay linh hoạt hơn – giảm đau mỏi rõ rệtLưu ý: Sản phẩm thiên về phục hồi & thư giãn, không dùng để tập lực nặngNhỏ gọn – tiện lợi – tập mọi lúc mọi nơiGiao hàng toàn quốc – nhận hàng kiểm tra Cam kết sản phẩm đúng mô tả – lỗi hoàn tiềnBấm đặt hàng ngay để chăm sóc đôi tay của bạn & gia đình!#bonggaitaptay#phuchoichucnang#tapvatlytrilieu#taptaytaichon#dungcutapyte#tetay#daumoitay#danvanphong#nguoidotuoi#tapluctay#chamsocsuckhoe#thietbiytetoantam","https://cdn.shopify.com/s/files/1/0732/3703/7299/files/d1561ec5420a49f2ac8f700b5557bf0f_tplv-aphluv4xwc-crop-webp_584_570.webp?v=1790131273","200","true","Product","false","false","false","23","5","Product snippet required property absent; long meta description"
"sitemap","product","https://demo-web-client.shop/products/bo-bo-i-tieu-va-ai-tien-a-nang-cho-nguoi-gia-yeu-thiet-ke-co-ong-noi-dai-nap-ay-1736541656263328826","200","https://demo-web-client.shop/products/bo-bo-i-tieu-va-ai-tien-a-nang-cho-nguoi-gia-yeu-thiet-ke-co-ong-noi-dai-nap-ay-1736541656263328826","false","","","https://demo-web-client.shop/products/bo-bo-i-tieu-va-ai-tien-a-nang-cho-nguoi-gia-yeu-thiet-ke-co-ong-noi-dai-nap-ay-1736541656263328826","true","Bộ bô đi tiểu và đại tiện đa năng cho người già yếu, thiết kế có ống nối dài, nắp đậy kín, an toàn vệ sinh, tiện lợi cho người bệnh và người chăm sóc | TOÀN TÂM","160","Bình Tiểu Đa Năng Cho Người Già Khó Đi LạiThiết kế tiện lợi: Bình tiểu đa năng được thiết kế cho người cao tuổi, người bị tai biến, liệt giường và người sau phẫu thuật. Sản phẩm giúp đi vệ sinh dễ dàng ngay tại giường, không cần đứng dậy hay di chuyển xa.Đặc điểm sản phẩmHướng dẫn sử dụngƯu điểmĐối tượng sử dụngLợi ích","320","1","Bộ bô đi tiểu và đại tiện đa năng cho người già yếu, thiết kế có ống nối dài, nắp đậy kín, an toàn vệ sinh, tiện lợi cho người bệnh và người chăm sóc","2","10","468","22","0","0","200","Bộ bô đi tiểu và đại tiện đa năng cho người già yếu, thiết kế có ống nối dài, nắp đậy kín, an toàn vệ sinh, tiện lợi cho người bệnh và người chăm sóc","Bình Tiểu Đa Năng Cho Người Già Khó Đi LạiThiết kế tiện lợi: Bình tiểu đa năng được thiết kế cho người cao tuổi, người bị tai biến, liệt giường và người sau phẫu thuật. Sản phẩm giúp đi vệ sinh dễ dàng ngay tại giường, không cần đứng dậy hay di chuyển xa.Đặc điểm sản phẩmHướng dẫn sử dụngƯu điểmĐối tượng sử dụngLợi ích","https://cdn.shopify.com/s/files/1/0732/3703/7299/files/9642ea4be5274aa5852f84e708104949_tplv-aphluv4xwc-crop-webp_1254_1254.webp?v=1790131125","200","true","Product","false","false","false","23","3","Product snippet required property absent; long meta description"
"sitemap","collection","https://demo-web-client.shop/collections/thể-thao-ngoai-trời","200","https://demo-web-client.shop/collections/th%E1%BB%83-thao-ngoai-tr%E1%BB%9Di","false","","","https://demo-web-client.shop/collections/th%E1%BB%83-thao-ngoai-tr%E1%BB%9Di","true","Thể thao & Ngoài trời | TOÀN TÂM","32","","0","1","Thể thao & Ngoài trời","1","12","379","12","0","0","200","Toàn Tâm Medical","Thiết bị y tế chính hãng cho bệnh viện, phòng khám và gia đình.","","","true","","false","false","false","26","5","missing meta description"
"sitemap","collection","https://demo-web-client.shop/collections/dồ-gia-dụng","200","https://demo-web-client.shop/collections/d%E1%BB%93-gia-d%E1%BB%A5ng","false","","","https://demo-web-client.shop/collections/d%E1%BB%93-gia-d%E1%BB%A5ng","true","Đồ gia dụng | TOÀN TÂM","22","","0","1","Đồ gia dụng","1","10","383","10","0","0","200","Toàn Tâm Medical","Thiết bị y tế chính hãng cho bệnh viện, phòng khám và gia đình.","","","true","","false","false","false","21","2","missing meta description"
"sitemap","collection","https://demo-web-client.shop/collections/dồ-nội-thất","200","https://demo-web-client.shop/collections/d%E1%BB%93-n%E1%BB%99i-th%E1%BA%A5t","false","","","https://demo-web-client.shop/collections/d%E1%BB%93-n%E1%BB%99i-th%E1%BA%A5t","true","Đồ nội thất | TOÀN TÂM","22","","0","1","Đồ nội thất","1","5","181","5","0","0","200","Toàn Tâm Medical","Thiết bị y tế chính hãng cho bệnh viện, phòng khám và gia đình.","","","true","","false","false","false","11","2","missing meta description"
"sitemap","collection","https://demo-web-client.shop/collections/thai-phụ-thai-nhi","200","https://demo-web-client.shop/collections/thai-ph%E1%BB%A5-thai-nhi","false","","","https://demo-web-client.shop/collections/thai-ph%E1%BB%A5-thai-nhi","true","Thai phụ & thai nhi | TOÀN TÂM","30","","0","1","Thai phụ & thai nhi","1","2","109","2","0","0","200","Toàn Tâm Medical","Thiết bị y tế chính hãng cho bệnh viện, phòng khám và gia đình.","","","true","","false","false","false","5","2","missing meta description"
"sitemap","collection","https://demo-web-client.shop/collections/cham-soc-sắc-dẹp-cham-soc-ca-nhan","200","https://demo-web-client.shop/collections/cham-soc-s%E1%BA%AFc-d%E1%BA%B9p-cham-soc-ca-nhan","false","","","https://demo-web-client.shop/collections/cham-soc-s%E1%BA%AFc-d%E1%BA%B9p-cham-soc-ca-nhan","true","Chăm sóc sắc đẹp & Chăm sóc cá nhân | TOÀN TÂM","46","","0","1","Chăm sóc sắc đẹp & Chăm sóc cá nhân","1","2","136","2","0","0","200","Toàn Tâm Medical","Thiết bị y tế chính hãng cho bệnh viện, phòng khám và gia đình.","","","true","","false","false","false","5","2","missing meta description"
"sitemap","collection","https://demo-web-client.shop/collections/hang-dệt-dồ-nội-thất-mềm","200","https://demo-web-client.shop/collections/hang-d%E1%BB%87t-d%E1%BB%93-n%E1%BB%99i-th%E1%BA%A5t-m%E1%BB%81m","false","","","https://demo-web-client.shop/collections/hang-d%E1%BB%87t-d%E1%BB%93-n%E1%BB%99i-th%E1%BA%A5t-m%E1%BB%81m","true","Hàng dệt & đồ nội thất mềm | TOÀN TÂM","37","","0","1","Hàng dệt & đồ nội thất mềm","1","5","195","5","0","0","200","Toàn Tâm Medical","Thiết bị y tế chính hãng cho bệnh viện, phòng khám và gia đình.","","","true","","false","false","false","11","2","missing meta description"
"sitemap","collection","https://demo-web-client.shop/collections/dồ-dung-nha-bếp","200","https://demo-web-client.shop/collections/d%E1%BB%93-dung-nha-b%E1%BA%BFp","false","","","https://demo-web-client.shop/collections/d%E1%BB%93-dung-nha-b%E1%BA%BFp","true","Đồ dùng nhà bếp | TOÀN TÂM","26","","0","1","Đồ dùng nhà bếp","1","1","98","1","0","0","200","Toàn Tâm Medical","Thiết bị y tế chính hãng cho bệnh viện, phòng khám và gia đình.","","","true","","false","false","false","3","2","missing meta description"
"sitemap","article","https://demo-web-client.shop/blogs/news/7-dụng-cụ-hỗ-trợ-phục-hồi-chức-nang-co-thể-sử-dụng-tại-nha","200","https://demo-web-client.shop/blogs/news/7-d%E1%BB%A5ng-c%E1%BB%A5-h%E1%BB%97-tr%E1%BB%A3-ph%E1%BB%A5c-h%E1%BB%93i-ch%E1%BB%A9c-nang-co-th%E1%BB%83-s%E1%BB%AD-d%E1%BB%A5ng-t%E1%BA%A1i-nha","false","","","https://demo-web-client.shop/blogs/news/7-d%E1%BB%A5ng-c%E1%BB%A5-h%E1%BB%97-tr%E1%BB%A3-ph%E1%BB%A5c-h%E1%BB%93i-ch%E1%BB%A9c-nang-co-th%E1%BB%83-s%E1%BB%AD-d%E1%BB%A5ng-t%E1%BA%A1i-nha","true","7 dụng cụ hỗ trợ phục hồi chức năng có thể sử dụng tại nhà | TOÀN TÂM","69","","0","1","7 dụng cụ hỗ trợ phục hồi chức năng có thể sử dụng tại nhà","0","8","390","1","0","0","200","7 dụng cụ hỗ trợ phục hồi chức năng có thể sử dụng tại nhà","","https://cdn.shopify.com/s/files/1/0732/3703/7299/articles/ChatGPT_Image_Sep_5_2026_11_29_29_AM.png?v=1788582591","200","true","","false","false","false","2","2","missing meta description; Article JSON-LD absent"
"sitemap","article","https://demo-web-client.shop/blogs/news/nẹp-cổ-chan-nẹp-ban-chan-khi-nao-nen-sử-dụng","200","https://demo-web-client.shop/blogs/news/n%E1%BA%B9p-c%E1%BB%95-chan-n%E1%BA%B9p-ban-chan-khi-nao-nen-s%E1%BB%AD-d%E1%BB%A5ng","false","","","https://demo-web-client.shop/blogs/news/n%E1%BA%B9p-c%E1%BB%95-chan-n%E1%BA%B9p-ban-chan-khi-nao-nen-s%E1%BB%AD-d%E1%BB%A5ng","true","Nẹp cổ chân, nẹp bàn chân: Khi nào nên sử dụng? | TOÀN TÂM","58","","0","1","Nẹp cổ chân, nẹp bàn chân: Khi nào nên sử dụng?","0","0","320","1","0","0","200","Nẹp cổ chân, nẹp bàn chân: Khi nào nên sử dụng?","","https://cdn.shopify.com/s/files/1/0732/3703/7299/articles/ChatGPT_Image_Sep_5_2026_11_28_21_AM.png?v=1788582529","200","true","","false","false","false","2","2","missing meta description; Article JSON-LD absent"
"sitemap","article","https://demo-web-client.shop/blogs/news/người-bệnh-nằm-lau-tại-nha-cần-chuẩn-bị-những-gi","200","https://demo-web-client.shop/blogs/news/ng%C6%B0%E1%BB%9Di-b%E1%BB%87nh-n%E1%BA%B1m-lau-t%E1%BA%A1i-nha-c%E1%BA%A7n-chu%E1%BA%A9n-b%E1%BB%8B-nh%E1%BB%AFng-gi","false","","","https://demo-web-client.shop/blogs/news/ng%C6%B0%E1%BB%9Di-b%E1%BB%87nh-n%E1%BA%B1m-lau-t%E1%BA%A1i-nha-c%E1%BA%A7n-chu%E1%BA%A9n-b%E1%BB%8B-nh%E1%BB%AFng-gi","true","Người bệnh nằm lâu tại nhà cần chuẩn bị những gì? | TOÀN TÂM","60","","0","1","Người bệnh nằm lâu tại nhà cần chuẩn bị những gì?","0","0","306","1","0","0","200","Người bệnh nằm lâu tại nhà cần chuẩn bị những gì?","","https://cdn.shopify.com/s/files/1/0732/3703/7299/articles/ChatGPT_Image_Sep_5_2026_11_26_12_AM.png?v=1788582393","200","true","","false","false","false","2","2","missing meta description; Article JSON-LD absent"
"sitemap","article","https://demo-web-client.shop/blogs/news/hướng-dẫn-lựa-chọn-dụng-cụ-phục-hồi-chức-nang-tại-nha","200","https://demo-web-client.shop/blogs/news/h%C6%B0%E1%BB%9Bng-d%E1%BA%ABn-l%E1%BB%B1a-ch%E1%BB%8Dn-d%E1%BB%A5ng-c%E1%BB%A5-ph%E1%BB%A5c-h%E1%BB%93i-ch%E1%BB%A9c-nang-t%E1%BA%A1i-nha","false","","","https://demo-web-client.shop/blogs/news/h%C6%B0%E1%BB%9Bng-d%E1%BA%ABn-l%E1%BB%B1a-ch%E1%BB%8Dn-d%E1%BB%A5ng-c%E1%BB%A5-ph%E1%BB%A5c-h%E1%BB%93i-ch%E1%BB%A9c-nang-t%E1%BA%A1i-nha","true","Hướng dẫn lựa chọn dụng cụ phục hồi chức năng tại nhà | TOÀN TÂM","64","","0","1","Hướng dẫn lựa chọn dụng cụ phục hồi chức năng tại nhà","0","0","323","1","0","0","200","Hướng dẫn lựa chọn dụng cụ phục hồi chức năng tại nhà","","https://cdn.shopify.com/s/files/1/0732/3703/7299/articles/ChatGPT_Image_Sep_5_2026_11_25_12_AM.png?v=1788582340","200","true","","false","false","false","2","2","missing meta description; Article JSON-LD absent"
"sitemap","article","https://demo-web-client.shop/blogs/news/người-lớn-tuổi-nen-chuẩn-bị-những-thiết-bị-cham-soc-sức-khỏe-nao-tại-nha","200","https://demo-web-client.shop/blogs/news/ng%C6%B0%E1%BB%9Di-l%E1%BB%9Bn-tu%E1%BB%95i-nen-chu%E1%BA%A9n-b%E1%BB%8B-nh%E1%BB%AFng-thi%E1%BA%BFt-b%E1%BB%8B-cham-soc-s%E1%BB%A9c-kh%E1%BB%8Fe-nao-t%E1%BA%A1i-nha","false","","","https://demo-web-client.shop/blogs/news/ng%C6%B0%E1%BB%9Di-l%E1%BB%9Bn-tu%E1%BB%95i-nen-chu%E1%BA%A9n-b%E1%BB%8B-nh%E1%BB%AFng-thi%E1%BA%BFt-b%E1%BB%8B-cham-soc-s%E1%BB%A9c-kh%E1%BB%8Fe-nao-t%E1%BA%A1i-nha","true","Người lớn tuổi nên chuẩn bị những thiết bị chăm sóc sức khỏe nào tại nhà? | TOÀN TÂM","84","","0","1","Người lớn tuổi nên chuẩn bị những thiết bị chăm sóc sức khỏe nào tại nhà?","0","0","452","1","0","0","200","Người lớn tuổi nên chuẩn bị những thiết bị chăm sóc sức khỏe nào tại nhà?","","https://cdn.shopify.com/s/files/1/0732/3703/7299/articles/3baf2b54-f820-4170-bb8d-dde5a347bd37.png?v=1788582236","200","true","","false","false","false","2","2","missing meta description; Article JSON-LD absent"
"variant","static","https://demo-web-client.shop/products?page=2","200","https://demo-web-client.shop/products?page=2","false","","","https://demo-web-client.shop/products","false","Tất cả sản phẩm | TOÀN TÂM","26","Tìm kiếm, lọc và sắp xếp toàn bộ sản phẩm thiết bị y tế tại Toàn Tâm Medical.","77","1","Tất cả sản phẩm","1","12","421","12","0","0","200","Toàn Tâm Medical","Thiết bị y tế chính hãng cho bệnh viện, phòng khám và gia đình.","","","true","","false","false","false","28","48","pagination canonical points elsewhere"
"variant","static","https://demo-web-client.shop/products?page=3","200","https://demo-web-client.shop/products?page=3","false","","","https://demo-web-client.shop/products","false","Tất cả sản phẩm | TOÀN TÂM","26","Tìm kiếm, lọc và sắp xếp toàn bộ sản phẩm thiết bị y tế tại Toàn Tâm Medical.","77","1","Tất cả sản phẩm","1","12","393","12","0","0","200","Toàn Tâm Medical","Thiết bị y tế chính hãng cho bệnh viện, phòng khám và gia đình.","","","true","","false","false","false","28","48","pagination canonical points elsewhere"
"variant","static","https://demo-web-client.shop/products?page=4","200","https://demo-web-client.shop/products?page=4","false","","","https://demo-web-client.shop/products","false","Tất cả sản phẩm | TOÀN TÂM","26","Tìm kiếm, lọc và sắp xếp toàn bộ sản phẩm thiết bị y tế tại Toàn Tâm Medical.","77","1","Tất cả sản phẩm","1","4","198","4","0","0","200","Toàn Tâm Medical","Thiết bị y tế chính hãng cho bệnh viện, phòng khám và gia đình.","","","true","","false","false","false","12","48","pagination canonical points elsewhere"
"variant","static","https://demo-web-client.shop/products?page=999","200","https://demo-web-client.shop/products?page=999","false","","","https://demo-web-client.shop/products","false","Tất cả sản phẩm | TOÀN TÂM","26","Tìm kiếm, lọc và sắp xếp toàn bộ sản phẩm thiết bị y tế tại Toàn Tâm Medical.","77","1","Tất cả sản phẩm","1","4","198","4","0","0","200","Toàn Tâm Medical","Thiết bị y tế chính hãng cho bệnh viện, phòng khám và gia đình.","","","true","","false","false","false","12","48","pagination canonical points elsewhere"
"variant","static","https://demo-web-client.shop/products?sort=price-asc","200","https://demo-web-client.shop/products?sort=price-asc","false","","","https://demo-web-client.shop/products","false","Tất cả sản phẩm | TOÀN TÂM","26","Tìm kiếm, lọc và sắp xếp toàn bộ sản phẩm thiết bị y tế tại Toàn Tâm Medical.","77","1","Tất cả sản phẩm","1","12","385","12","0","0","200","Toàn Tâm Medical","Thiết bị y tế chính hãng cho bệnh viện, phòng khám và gia đình.","","","true","","false","false","false","28","48",""
"variant","static","https://demo-web-client.shop/products?availability=available","200","https://demo-web-client.shop/products?availability=available","false","","","https://demo-web-client.shop/products","false","Tất cả sản phẩm | TOÀN TÂM","26","Tìm kiếm, lọc và sắp xếp toàn bộ sản phẩm thiết bị y tế tại Toàn Tâm Medical.","77","1","Tất cả sản phẩm","1","12","386","12","0","0","200","Toàn Tâm Medical","Thiết bị y tế chính hãng cho bệnh viện, phòng khám và gia đình.","","","true","","false","false","false","29","48",""
"variant","static","https://demo-web-client.shop/products?q=nep","200","https://demo-web-client.shop/products?q=nep","false","","","https://demo-web-client.shop/products","false","Tất cả sản phẩm | TOÀN TÂM","26","Tìm kiếm, lọc và sắp xếp toàn bộ sản phẩm thiết bị y tế tại Toàn Tâm Medical.","77","1","Tất cả sản phẩm","1","1","101","1","0","0","200","Toàn Tâm Medical","Thiết bị y tế chính hãng cho bệnh viện, phòng khám và gia đình.","","","true","","false","false","false","4","48",""
"variant","static","https://demo-web-client.shop/search?q=may","200","https://demo-web-client.shop/search?q=may","false","","","https://demo-web-client.shop","false","TOÀN TÂM | Thiết bị y tế chính hãng","35","Thiết bị y tế chính hãng cho bệnh viện, phòng khám và gia đình.","63","1","Kết quả cho “may”","1","0","33","0","0","0","","Toàn Tâm Medical","Thiết bị y tế chính hãng cho bệnh viện, phòng khám và gia đình.","","","true","","false","false","false","0","0",""
"variant","static","https://demo-web-client.shop/search?q=seo-audit-khong-co-ket-qua","200","https://demo-web-client.shop/search?q=seo-audit-khong-co-ket-qua","false","","","https://demo-web-client.shop","false","TOÀN TÂM | Thiết bị y tế chính hãng","35","Thiết bị y tế chính hãng cho bệnh viện, phòng khám và gia đình.","63","1","Kết quả cho “seo-audit-khong-co-ket-qua”","1","0","33","0","0","0","","Toàn Tâm Medical","Thiết bị y tế chính hãng cho bệnh viện, phòng khám và gia đình.","","","true","","false","false","false","0","0",""
"variant","static","https://demo-web-client.shop/request-quote?product=nep-co-inh-ban-chan-ban-em-nep-chinh-ban-chan-giam-au-got-chan-1736539331283944506","200","https://demo-web-client.shop/request-quote?product=nep-co-inh-ban-chan-ban-em-nep-chinh-ban-chan-giam-au-got-chan-1736539331283944506","false","","","https://demo-web-client.shop/request-quote","false","Yêu cầu báo giá | TOÀN TÂM","26","Gửi yêu cầu báo giá thiết bị y tế tới Toàn Tâm Medical.","55","1","Yêu cầu báo giá","0","0","83","0","0","0","","Toàn Tâm Medical","Thiết bị y tế chính hãng cho bệnh viện, phòng khám và gia đình.","","","true","","false","false","false","1","59",""
"variant","product","https://demo-web-client.shop/products/seo-audit-khong-ton-tai","200","https://demo-web-client.shop/products/seo-audit-khong-ton-tai","true","noindex","","https://demo-web-client.shop","false","Không tìm thấy sản phẩm | TOÀN TÂM","34","Thiết bị y tế chính hãng cho bệnh viện, phòng khám và gia đình.","63","0","","0","0","4","0","0","0","","Toàn Tâm Medical","Thiết bị y tế chính hãng cho bệnh viện, phòng khám và gia đình.","","","true","","false","false","false","0","0","soft-404 HTTP 200; Product snippet required property absent"
"variant","collection","https://demo-web-client.shop/collections/seo-audit-khong-ton-tai","200","https://demo-web-client.shop/collections/seo-audit-khong-ton-tai","true","noindex","","https://demo-web-client.shop","false","Không tìm thấy danh mục | TOÀN TÂM","34","Thiết bị y tế chính hãng cho bệnh viện, phòng khám và gia đình.","63","0","","0","0","4","0","0","0","","Toàn Tâm Medical","Thiết bị y tế chính hãng cho bệnh viện, phòng khám và gia đình.","","","true","","false","false","false","0","0","soft-404 HTTP 200"
"variant","article","https://demo-web-client.shop/blogs/news/seo-audit-khong-ton-tai","200","https://demo-web-client.shop/blogs/news/seo-audit-khong-ton-tai","true","noindex","","https://demo-web-client.shop","false","Không tìm thấy bài viết | TOÀN TÂM","34","Thiết bị y tế chính hãng cho bệnh viện, phòng khám và gia đình.","63","0","","0","0","4","0","0","0","","Toàn Tâm Medical","Thiết bị y tế chính hãng cho bệnh viện, phòng khám và gia đình.","","","true","","false","false","false","0","0","soft-404 HTTP 200; Article JSON-LD absent"
"variant","static","https://demo-web-client.shop/seo-audit-khong-ton-tai","404","https://demo-web-client.shop/seo-audit-khong-ton-tai","false","noindex","","https://demo-web-client.shop","false","TOÀN TÂM | Thiết bị y tế chính hãng","35","Thiết bị y tế chính hãng cho bệnh viện, phòng khám và gia đình.","63","1","Không tìm thấy trang","0","0","24","0","0","0","","Toàn Tâm Medical","Thiết bị y tế chính hãng cho bệnh viện, phòng khám và gia đình.","","","true","","false","false","false","1","0",""
"variant","collection","https://demo-web-client.shop/collections/thể-thao-ngoai-trời?page=2","200","https://demo-web-client.shop/collections/th%E1%BB%83-thao-ngoai-tr%E1%BB%9Di?page=2","false","","","https://demo-web-client.shop/collections/th%E1%BB%83-thao-ngoai-tr%E1%BB%9Di","false","Thể thao & Ngoài trời | TOÀN TÂM","32","","0","1","Thể thao & Ngoài trời","1","3","132","3","0","0","200","Toàn Tâm Medical","Thiết bị y tế chính hãng cho bệnh viện, phòng khám và gia đình.","","","true","","false","false","false","8","5","pagination canonical points elsewhere"
"variant","collection","https://demo-web-client.shop/collections/thể-thao-ngoai-trời?availability=available","200","https://demo-web-client.shop/collections/th%E1%BB%83-thao-ngoai-tr%E1%BB%9Di?availability=available","false","","","https://demo-web-client.shop/collections/th%E1%BB%83-thao-ngoai-tr%E1%BB%9Di","false","Thể thao & Ngoài trời | TOÀN TÂM","32","","0","1","Thể thao & Ngoài trời","1","12","382","12","0","0","200","Toàn Tâm Medical","Thiết bị y tế chính hãng cho bệnh viện, phòng khám và gia đình.","","","true","","false","false","false","27","5",""
"variant","collection","https://demo-web-client.shop/collections/thể-thao-ngoai-trời?sort=price-asc","200","https://demo-web-client.shop/collections/th%E1%BB%83-thao-ngoai-tr%E1%BB%9Di?sort=price-asc","false","","","https://demo-web-client.shop/collections/th%E1%BB%83-thao-ngoai-tr%E1%BB%9Di","false","Thể thao & Ngoài trời | TOÀN TÂM","32","","0","1","Thể thao & Ngoài trời","1","12","368","12","0","0","200","Toàn Tâm Medical","Thiết bị y tế chính hãng cho bệnh viện, phòng khám và gia đình.","","","true","","false","false","false","26","5",""
